"post_id","date","platform","content_type","caption","hashtags","reach","impressions","likes","comments","shares","followers_start","new_followers","lost_followers","sentiment","posted_hour"
"post_00001","2025-10-31","Instagram","Image","Synthetic social media update","#analytics #community","5884","8491","300","47","29","13648","10","3","neutral","18"
"post_00002","2025-04-17","YouTube","Reel","Synthetic social media update","#marketing #business","12048","28190","612","75","21","11284","21","7","positive","13"
"post_00003","2025-06-30","Instagram","Image","Synthetic social media update","#marketing #growth","24669","34706","1806","85","221","12172","57","19","negative","21"
"post_00004","2025-11-12","Facebook","Video","Synthetic social media update","#analytics #news","9937","19377","762","131","23","13792","27","9","positive","19"
"post_00005","2025-12-07","YouTube","Video","Synthetic social media update","#growth #learning","2479","3842","229","32","10","14092","8","3","positive","18"
"post_00006","2025-05-12","X/Twitter","Video","Synthetic social media update","#marketing #technology","18532","40571","1321","64","112","11584","42","14","positive","15"
"post_00007","2025-04-10","Instagram","Carousel","Synthetic social media update","#learning #growth","2991","3640","262","13","24","11200","8","3","positive","19"
"post_00008","2025-07-19","Facebook","Reel","Synthetic social media update","#community #growth","25036","52971","777","31","30","12400","24","8","positive","0"
"post_00009","2026-02-20","LinkedIn","Reel","Synthetic social media update","#analytics #news","18881","34207","634","63","31","10612","21","7","neutral","19"
"post_00010","2025-08-31","Facebook","Carousel","Synthetic social media update","#news #community","18015","45772","1600","69","231","12916","50","17","negative","7"
"post_00011","2025-11-20","Instagram","Image","Synthetic social media update","#learning #business","10664","16017","982","63","47","13888","31","10","neutral","14"
"post_00012","2025-08-22","LinkedIn","Short","Synthetic social media update","#growth #learning","21733","45882","1155","148","183","12808","39","13","negative","0"
"post_00013","2025-06-07","LinkedIn","Image","Synthetic social media update","#community #learning","8697","15577","288","21","31","11896","9","3","positive","2"
"post_00014","2026-03-29","Instagram","Image","Synthetic social media update","#marketing #community","10391","13081","936","161","29","11056","33","11","positive","20"
"post_00015","2026-02-12","YouTube","Live","Synthetic social media update","#marketing #technology","9103","13374","670","95","75","10516","23","8","negative","7"
"post_00016","2025-03-25","Instagram","Video","Synthetic social media update","#community #marketing","29635","43308","2742","169","397","11008","87","29","negative","7"
"post_00017","2025-09-12","Facebook","Text","Synthetic social media update","#business #news","18347","30960","1125","204","99","13060","40","13","positive","23"
"post_00018","2025-07-30","Facebook","Live","Synthetic social media update","#news #growth","4721","11880","182","7","10","12532","6","2","negative","17"
"post_00019","2025-07-03","Facebook","Carousel","Synthetic social media update","#marketing #learning","27409","45703","2936","536","154","12208","104","35","positive","13"
"post_00020","2025-10-08","LinkedIn","Short","Synthetic social media update","#technology #analytics","9134","14121","522","65","70","13372","18","6","negative","21"
"post_00021","2025-10-30","Instagram","Video","Synthetic social media update","#community #learning","25174","58585","2044","109","173","13636","65","22","positive","21"
"post_00022","2025-12-21","LinkedIn","Live","Synthetic social media update","#growth #news","26832","40134","2885","187","307","14260","92","31","neutral","15"
"post_00023","2025-08-16","X/Twitter","Image","Synthetic social media update","#technology #learning","11088","21530","795","123","45","12736","28","9","negative","18"
"post_00024","2025-09-22","Instagram","Live","Synthetic social media update","#business #community","2614","4203","123","11","6","13180","4","1","positive","6"
"post_00025","2026-02-06","Facebook","Carousel","Synthetic social media update","#marketing #news","23138","55512","1921","384","146","10444","69","23","neutral","7"
"post_00026","2025-03-25","LinkedIn","Text","Synthetic social media update","#marketing #business","12225","29742","1302","68","119","11008","41","14","neutral","7"
"post_00027","2026-02-23","LinkedIn","Live","Synthetic social media update","#analytics #marketing","9652","17135","738","32","108","10648","23","8","positive","16"
"post_00028","2025-10-26","LinkedIn","Carousel","Synthetic social media update","#marketing #analytics","22814","28737","741","70","86","13588","24","8","negative","16"
"post_00029","2025-08-26","YouTube","Carousel","Synthetic social media update","#marketing #news","18548","39531","1512","207","109","12856","52","17","positive","2"
"post_00030","2025-03-03","LinkedIn","Carousel","Synthetic social media update","#news #marketing","11188","15860","336","45","25","10744","11","4","negative","4"
"post_00031","2025-10-20","Instagram","Live","Synthetic social media update","#community #analytics","20018","48141","919","131","106","13516","32","10","positive","8"
"post_00032","2025-10-07","Facebook","Carousel","Synthetic social media update","#growth #analytics","23925","42489","1779","224","209","13360","60","20","positive","15"
"post_00033","2026-03-20","X/Twitter","Video","Synthetic social media update","#growth #analytics","16671","33758","1584","239","113","10948","55","18","positive","18"
"post_00034","2025-07-25","LinkedIn","Reel","Synthetic social media update","#community #technology","2199","4371","139","15","7","12472","5","2","negative","9"
"post_00035","2025-01-01","LinkedIn","Reel","Synthetic social media update","#marketing #technology","15042","22018","1311","139","56","10012","44","14","positive","19"
"post_00036","2025-07-30","LinkedIn","Live","Synthetic social media update","#growth #business","7044","14762","745","135","84","12532","26","9","neutral","20"
"post_00037","2025-08-18","YouTube","Image","Synthetic social media update","#learning #marketing","27236","38555","2180","408","227","12760","78","26","positive","9"
"post_00038","2025-03-03","YouTube","Image","Synthetic social media update","#analytics #community","19933","47002","633","49","94","10744","20","7","positive","19"
"post_00039","2025-07-01","Facebook","Image","Synthetic social media update","#business #technology","9364","19771","689","33","21","12184","22","7","negative","2"
"post_00040","2025-08-30","X/Twitter","Reel","Synthetic social media update","#growth #analytics","27136","47921","2284","417","173","12904","81","27","negative","20"
"post_00041","2025-12-28","LinkedIn","Live","Synthetic social media update","#community #marketing","20218","48261","751","126","114","14344","26","9","negative","4"
"post_00042","2025-11-20","LinkedIn","Short","Synthetic social media update","#technology #community","13871","32581","1422","101","93","13888","46","15","negative","8"
"post_00043","2025-09-19","LinkedIn","Live","Synthetic social media update","#analytics #growth","25557","34383","1477","260","119","13144","52","17","positive","23"
"post_00044","2025-03-02","LinkedIn","Reel","Synthetic social media update","#learning #news","1888","2608","140","20","10","10732","5","2","negative","4"
"post_00045","2025-12-06","Instagram","Video","Synthetic social media update","#growth #technology","12086","19174","908","179","111","14080","33","11","neutral","23"
"post_00046","2025-08-08","X/Twitter","Reel","Synthetic social media update","#business #marketing","9218","23508","923","174","133","12640","33","11","positive","7"
"post_00047","2025-04-19","Facebook","Short","Synthetic social media update","#growth #community","2589","5946","249","28","35","11308","8","3","negative","21"
"post_00048","2025-04-24","LinkedIn","Image","Synthetic social media update","#marketing #community","18798","40389","1255","204","112","11368","44","15","neutral","6"
"post_00049","2025-06-17","Instagram","Image","Synthetic social media update","#analytics #business","15331","33100","1089","105","99","12016","36","12","positive","3"
"post_00050","2025-10-13","X/Twitter","Carousel","Synthetic social media update","#analytics #marketing","28841","51144","1646","141","109","13432","54","18","negative","13"
"post_00051","2025-02-20","Instagram","Live","Synthetic social media update","#marketing #business","22586","40704","1768","206","262","10612","59","20","neutral","19"
"post_00052","2025-02-20","Facebook","Video","Synthetic social media update","#learning #marketing","28494","49274","1080","94","134","10612","35","12","negative","13"
"post_00053","2025-08-06","LinkedIn","Video","Synthetic social media update","#news #learning","8615","18315","586","73","42","12616","20","7","neutral","6"
"post_00054","2025-03-21","Facebook","Image","Synthetic social media update","#business #learning","6005","10275","288","21","36","10960","9","3","positive","21"
"post_00055","2025-01-17","Facebook","Image","Synthetic social media update","#business #marketing","2231","5383","94","12","11","10204","3","1","negative","20"
"post_00056","2025-01-20","Facebook","Live","Synthetic social media update","#technology #growth","3221","4423","129","26","9","10240","5","2","negative","6"
"post_00057","2025-02-05","Instagram","Video","Synthetic social media update","#analytics #community","19817","37905","1589","173","64","10432","53","18","positive","17"
"post_00058","2026-02-07","Facebook","Carousel","Synthetic social media update","#news #business","15691","31724","516","99","35","10456","18","6","neutral","2"
"post_00059","2026-02-16","LinkedIn","Reel","Synthetic social media update","#news #technology","7713","9766","609","81","32","10564","21","7","negative","1"
"post_00060","2025-04-17","LinkedIn","Text","Synthetic social media update","#learning #news","24556","36770","2474","175","358","11284","79","26","positive","9"
"post_00061","2025-11-27","Facebook","Video","Synthetic social media update","#news #community","29309","49985","1996","146","168","13972","64","21","positive","0"
"post_00062","2025-03-22","X/Twitter","Text","Synthetic social media update","#marketing #learning","11592","28895","557","84","49","10972","19","6","positive","0"
"post_00063","2025-01-21","YouTube","Image","Synthetic social media update","#technology #marketing","15165","32528","1629","316","104","10252","58","19","neutral","14"
"post_00064","2026-01-19","Instagram","Image","Synthetic social media update","#technology #growth","12107","28495","764","115","54","10228","26","9","positive","18"
"post_00065","2025-07-03","Instagram","Short","Synthetic social media update","#learning #growth","26238","58316","1914","140","204","12208","62","21","positive","14"
"post_00066","2025-03-30","X/Twitter","Live","Synthetic social media update","#learning #analytics","11722","24806","796","90","96","11068","27","9","positive","0"
"post_00067","2025-08-22","LinkedIn","Short","Synthetic social media update","#analytics #business","6728","14028","263","37","26","12808","9","3","negative","22"
"post_00068","2025-09-01","YouTube","Text","Synthetic social media update","#learning #technology","19372","39272","1945","214","65","12928","65","22","positive","22"
"post_00069","2025-12-13","YouTube","Reel","Synthetic social media update","#technology #analytics","13426","31184","510","29","75","14164","16","5","positive","21"
"post_00070","2026-03-11","LinkedIn","Text","Synthetic social media update","#news #growth","8025","18718","535","58","21","10840","18","6","negative","18"
"post_00071","2026-02-22","X/Twitter","Live","Synthetic social media update","#news #community","2529","4951","242","14","32","10636","8","3","negative","11"
"post_00072","2025-01-17","Facebook","Image","Synthetic social media update","#analytics #technology","8174","13359","335","36","38","10204","11","4","negative","2"
"post_00073","2025-01-05","X/Twitter","Short","Synthetic social media update","#analytics #marketing","29892","74625","2199","338","297","10060","76","25","negative","4"
"post_00074","2025-07-26","YouTube","Video","Synthetic social media update","#analytics #growth","1964","2453","73","8","9","12484","2","1","negative","14"
"post_00075","2026-03-23","YouTube","Carousel","Synthetic social media update","#community #analytics","26312","52511","1893","342","293","10984","67","22","positive","2"
"post_00076","2025-01-19","X/Twitter","Short","Synthetic social media update","#growth #community","22619","51914","1047","198","63","10228","37","12","negative","12"
"post_00077","2025-02-20","YouTube","Live","Synthetic social media update","#community #business","2020","4318","170","13","11","10612","5","2","neutral","3"
"post_00078","2025-11-24","X/Twitter","Text","Synthetic social media update","#growth #technology","4406","10528","379","36","32","13936","12","4","negative","11"
"post_00079","2025-10-30","X/Twitter","Video","Synthetic social media update","#business #analytics","4905","6499","415","56","40","13636","14","5","negative","19"
"post_00080","2025-03-14","Instagram","Live","Synthetic social media update","#marketing #analytics","15408","24460","1289","143","206","10876","43","14","neutral","4"
"post_00081","2025-05-22","X/Twitter","Carousel","Synthetic social media update","#marketing #analytics","12185","24746","733","47","28","11704","23","8","neutral","1"
"post_00082","2026-01-23","Facebook","Carousel","Synthetic social media update","#business #technology","25440","38742","1498","77","54","10276","47","16","positive","8"
"post_00083","2025-02-08","X/Twitter","Video","Synthetic social media update","#marketing #news","29880","44462","2173","329","91","10468","75","25","negative","10"
"post_00084","2025-04-26","YouTube","Video","Synthetic social media update","#learning #growth","5687","10294","199","23","27","11392","7","2","neutral","18"
"post_00085","2025-08-29","Facebook","Live","Synthetic social media update","#business #analytics","29343","63322","2410","405","279","12892","84","28","positive","3"
"post_00086","2025-10-01","Facebook","Short","Synthetic social media update","#community #analytics","4231","7548","331","35","29","13288","11","4","negative","20"
"post_00087","2025-11-07","Instagram","Live","Synthetic social media update","#growth #business","23981","33764","1676","164","209","13732","55","18","positive","18"
"post_00088","2026-02-15","YouTube","Text","Synthetic social media update","#business #marketing","24927","60024","1855","310","90","10552","65","22","neutral","8"
"post_00089","2025-11-30","Instagram","Carousel","Synthetic social media update","#analytics #community","25536","50041","2508","336","148","14008","85","28","positive","13"
"post_00090","2025-10-21","Instagram","Carousel","Synthetic social media update","#growth #analytics","3212","4981","216","32","28","13528","7","2","neutral","11"
"post_00091","2025-05-13","Instagram","Reel","Synthetic social media update","#analytics #technology","7805","10446","458","76","31","11596","16","5","negative","13"
"post_00092","2026-01-04","YouTube","Text","Synthetic social media update","#learning #growth","4428","7175","362","53","48","10048","12","4","positive","22"
"post_00093","2026-02-19","Instagram","Video","Synthetic social media update","#analytics #marketing","4966","8715","503","87","17","10600","18","6","neutral","8"
"post_00094","2026-02-07","Instagram","Live","Synthetic social media update","#growth #community","2545","6029","211","26","20","10456","7","2","neutral","11"
"post_00095","2025-01-28","YouTube","Image","Synthetic social media update","#community #technology","22720","42084","1355","146","100","10336","45","15","negative","10"
"post_00096","2026-01-02","LinkedIn","Reel","Synthetic social media update","#learning #community","17442","39643","739","134","111","10024","26","9","positive","8"
"post_00097","2025-08-29","X/Twitter","Live","Synthetic social media update","#marketing #growth","20478","25129","1896","191","107","12892","63","21","negative","10"
"post_00098","2025-02-24","Instagram","Live","Synthetic social media update","#learning #marketing","26517","63049","2110","88","119","10660","66","22","negative","18"
"post_00099","2025-08-02","Facebook","Reel","Synthetic social media update","#business #analytics","17106","40093","516","67","55","12568","17","6","negative","21"
"post_00100","2025-12-22","X/Twitter","Short","Synthetic social media update","#growth #analytics","28823","47286","1538","159","124","14272","51","17","neutral","23"
"post_00101","2026-03-27","YouTube","Carousel","Synthetic social media update","#business #learning","9985","18004","820","155","94","11032","29","10","positive","22"
"post_00102","2025-03-06","X/Twitter","Image","Synthetic social media update","#analytics #technology","26339","38320","862","63","130","10780","28","9","positive","16"
"post_00103","2025-04-11","X/Twitter","Carousel","Synthetic social media update","#marketing #analytics","20560","49248","1466","157","132","11212","49","16","positive","14"
"post_00104","2025-04-13","X/Twitter","Live","Synthetic social media update","#business #news","23523","49834","1176","80","119","11236","38","13","negative","21"
"post_00105","2025-02-03","LinkedIn","Video","Synthetic social media update","#community #learning","22926","47356","870","108","109","10408","29","10","negative","22"
"post_00106","2025-02-07","Facebook","Video","Synthetic social media update","#learning #growth","22618","37792","1024","177","57","10456","36","12","neutral","19"
"post_00107","2025-04-17","Facebook","Short","Synthetic social media update","#business #news","21933","33179","1567","262","89","11284","55","18","negative","14"
"post_00108","2026-01-26","X/Twitter","Video","Synthetic social media update","#business #technology","18273","31252","1007","145","98","10312","35","12","positive","13"
"post_00109","2026-03-27","X/Twitter","Short","Synthetic social media update","#business #analytics","15660","21618","1426","153","88","11032","47","16","negative","14"
"post_00110","2025-07-09","LinkedIn","Video","Synthetic social media update","#community #growth","20425","28739","1603","92","112","12280","51","17","negative","5"
"post_00111","2025-05-19","YouTube","Reel","Synthetic social media update","#community #growth","2915","3701","186","13","28","11668","6","2","negative","10"
"post_00112","2025-09-05","YouTube","Short","Synthetic social media update","#community #analytics","24289","40615","1804","252","258","12976","62","21","negative","23"
"post_00113","2025-02-15","Facebook","Image","Synthetic social media update","#learning #community","6994","14350","703","79","59","10552","23","8","neutral","23"
"post_00114","2025-04-04","YouTube","Carousel","Synthetic social media update","#business #news","8846","21297","740","49","104","11128","24","8","positive","2"
"post_00115","2025-09-20","Facebook","Video","Synthetic social media update","#news #community","2228","2858","85","5","8","13156","3","1","negative","2"
"post_00116","2026-03-23","YouTube","Live","Synthetic social media update","#learning #business","5014","11547","452","36","65","10984","15","5","positive","4"
"post_00117","2026-03-18","X/Twitter","Carousel","Synthetic social media update","#business #technology","7553","14251","350","67","43","10924","13","4","positive","3"
"post_00118","2025-06-25","X/Twitter","Image","Synthetic social media update","#analytics #growth","12062","24525","948","93","75","12112","31","10","positive","2"
"post_00119","2025-12-03","Instagram","Carousel","Synthetic social media update","#news #business","1215","3139","131","13","7","14044","4","1","neutral","12"
"post_00120","2025-07-13","YouTube","Image","Synthetic social media update","#news #community","4319","8032","408","28","19","12328","13","4","negative","20"
"post_00121","2025-03-11","Facebook","Live","Synthetic social media update","#analytics #news","22187","51718","1031","79","127","10840","33","11","negative","12"
"post_00122","2025-06-27","LinkedIn","Video","Synthetic social media update","#learning #business","13916","17731","1498","160","206","12136","50","17","negative","6"
"post_00123","2026-01-17","X/Twitter","Short","Synthetic social media update","#learning #technology","21496","29947","808","125","59","10204","28","9","negative","13"
"post_00124","2025-07-17","YouTube","Live","Synthetic social media update","#technology #business","28655","64924","1551","72","133","12376","49","16","negative","19"
"post_00125","2025-12-03","X/Twitter","Carousel","Synthetic social media update","#news #business","4763","7271","356","15","28","14044","11","4","neutral","3"
"post_00126","2025-06-25","YouTube","Image","Synthetic social media update","#news #business","29993","45215","1821","282","289","12112","63","21","positive","15"
"post_00127","2025-08-12","LinkedIn","Text","Synthetic social media update","#learning #analytics","3803","8440","162","31","16","12688","6","2","positive","3"
"post_00128","2026-02-28","LinkedIn","Image","Synthetic social media update","#business #news","16039","38142","724","75","46","10708","24","8","positive","3"
"post_00129","2025-02-08","YouTube","Image","Synthetic social media update","#learning #growth","6523","14749","242","16","29","10468","8","3","negative","13"
"post_00130","2025-09-23","Instagram","Video","Synthetic social media update","#news #analytics","10004","17056","972","49","47","13192","31","10","positive","23"
"post_00131","2025-10-02","Facebook","Text","Synthetic social media update","#news #learning","7210","15667","445","38","61","13300","14","5","positive","19"
"post_00132","2026-03-25","Facebook","Video","Synthetic social media update","#marketing #community","17010","21376","721","121","77","11008","25","8","positive","0"
"post_00133","2025-01-03","YouTube","Short","Synthetic social media update","#growth #community","17255","43441","1730","286","263","10036","60","20","positive","16"
"post_00134","2025-02-25","YouTube","Live","Synthetic social media update","#learning #growth","16772","38434","1303","195","40","10672","45","15","negative","19"
"post_00135","2026-01-03","YouTube","Live","Synthetic social media update","#marketing #news","17915","35873","718","133","34","10036","26","9","negative","3"
"post_00136","2025-01-17","Facebook","Image","Synthetic social media update","#technology #news","28977","56228","1654","257","156","10204","57","19","neutral","8"
"post_00137","2025-10-07","YouTube","Live","Synthetic social media update","#growth #learning","20956","40680","1852","239","122","13360","63","21","positive","22"
"post_00138","2025-08-02","X/Twitter","Short","Synthetic social media update","#technology #learning","6830","13694","577","48","79","12568","19","6","positive","10"
"post_00139","2026-03-19","X/Twitter","Carousel","Synthetic social media update","#analytics #learning","19621","48425","1597","104","162","10936","51","17","negative","4"
"post_00140","2026-02-02","Instagram","Reel","Synthetic social media update","#technology #learning","6202","9695","418","46","66","10396","14","5","neutral","20"
"post_00141","2025-09-16","X/Twitter","Text","Synthetic social media update","#business #news","20921","29527","1031","152","145","13108","35","12","neutral","6"
"post_00142","2025-02-03","LinkedIn","Live","Synthetic social media update","#business #technology","11513","19842","1237","242","53","10408","44","15","positive","1"
"post_00143","2025-09-18","Instagram","Carousel","Synthetic social media update","#business #growth","3372","4363","176","16","14","13132","6","2","positive","17"
"post_00144","2025-04-20","YouTube","Reel","Synthetic social media update","#technology #community","26104","34912","1504","70","192","11320","47","16","negative","9"
"post_00145","2026-03-18","YouTube","Carousel","Synthetic social media update","#news #analytics","4831","6346","519","44","41","10924","17","6","neutral","5"
"post_00146","2025-08-14","YouTube","Text","Synthetic social media update","#business #growth","9147","17835","685","56","46","12712","22","7","positive","9"
"post_00147","2026-02-25","YouTube","Short","Synthetic social media update","#marketing #learning","2297","3491","214","20","12","10672","7","2","neutral","0"
"post_00148","2026-02-26","YouTube","Image","Synthetic social media update","#learning #community","3214","4720","166","23","21","10684","6","2","negative","2"
"post_00149","2025-01-01","LinkedIn","Video","Synthetic social media update","#community #news","7923","14392","808","119","60","10012","28","9","negative","7"
"post_00150","2025-02-09","X/Twitter","Video","Synthetic social media update","#marketing #analytics","14857","29820","1231","151","194","10480","41","14","negative","8"
"post_00151","2025-10-11","Instagram","Video","Synthetic social media update","#community #news","9251","12877","479","45","54","13408","16","5","positive","0"
"post_00152","2026-03-09","Facebook","Image","Synthetic social media update","#analytics #technology","12877","18674","1406","62","212","10816","44","15","neutral","3"
"post_00153","2025-02-23","Instagram","Short","Synthetic social media update","#business #news","27963","52932","1213","50","86","10648","38","13","negative","9"
"post_00154","2025-12-09","X/Twitter","Video","Synthetic social media update","#learning #community","15223","30438","1580","260","92","14116","55","18","negative","23"
"post_00155","2025-09-13","Instagram","Video","Synthetic social media update","#community #growth","11311","17974","864","127","115","13072","30","10","neutral","11"
"post_00156","2025-10-16","Facebook","Short","Synthetic social media update","#learning #growth","7440","10324","592","54","36","13468","19","6","neutral","2"
"post_00157","2025-04-30","Instagram","Image","Synthetic social media update","#business #growth","8511","21323","472","44","29","11440","15","5","negative","11"
"post_00158","2025-04-07","LinkedIn","Carousel","Synthetic social media update","#technology #business","17930","35770","656","110","48","11164","23","8","positive","8"
"post_00159","2025-08-15","YouTube","Image","Synthetic social media update","#news #business","23643","49193","1025","177","130","12724","36","12","positive","20"
"post_00160","2025-09-30","Facebook","Image","Synthetic social media update","#growth #business","21392","30753","1563","286","146","13276","55","18","neutral","0"
"post_00161","2025-04-22","Facebook","Live","Synthetic social media update","#business #news","9023","21533","868","66","93","11344","28","9","negative","3"
"post_00162","2026-01-11","LinkedIn","Text","Synthetic social media update","#learning #community","18963","47732","639","126","30","10132","23","8","negative","2"
"post_00163","2025-08-11","Facebook","Text","Synthetic social media update","#community #technology","26729","51112","2225","346","329","12676","77","26","positive","1"
"post_00164","2025-03-27","YouTube","Video","Synthetic social media update","#news #community","4060","9022","143","14","9","11032","5","2","neutral","22"
"post_00165","2026-03-05","YouTube","Live","Synthetic social media update","#news #growth","2287","5416","179","32","12","10768","6","2","neutral","15"
"post_00166","2025-09-08","X/Twitter","Reel","Synthetic social media update","#news #business","16898","41653","1387","238","185","13012","49","16","positive","14"
"post_00167","2025-02-17","YouTube","Image","Synthetic social media update","#community #business","28635","61556","2044","356","97","10576","72","24","negative","13"
"post_00168","2025-11-10","X/Twitter","Carousel","Synthetic social media update","#learning #analytics","5386","6597","269","41","12","13768","9","3","negative","6"
"post_00169","2025-12-23","Facebook","Image","Synthetic social media update","#news #marketing","15331","39486","983","159","40","14284","34","11","negative","10"
"post_00170","2025-04-22","Facebook","Carousel","Synthetic social media update","#learning #community","25622","49977","2042","134","86","11344","65","22","positive","12"
"post_00171","2025-12-15","X/Twitter","Text","Synthetic social media update","#growth #business","29076","72596","2759","267","283","14188","91","30","positive","7"
"post_00172","2026-03-10","X/Twitter","Short","Synthetic social media update","#analytics #growth","25011","40783","2116","169","126","10828","69","23","neutral","12"
"post_00173","2025-12-10","X/Twitter","Video","Synthetic social media update","#learning #growth","9910","13809","398","41","27","14128","13","4","positive","12"
"post_00174","2025-02-10","X/Twitter","Text","Synthetic social media update","#news #learning","15954","38887","523","88","69","10492","18","6","neutral","16"
"post_00175","2025-02-02","YouTube","Video","Synthetic social media update","#growth #learning","15570","25022","1146","189","142","10396","40","13","negative","3"
"post_00176","2025-06-19","LinkedIn","Short","Synthetic social media update","#community #analytics","23414","60041","720","98","59","12040","25","8","positive","20"
"post_00177","2025-07-07","Instagram","Carousel","Synthetic social media update","#news #business","7112","9583","410","24","28","12256","13","4","neutral","19"
"post_00178","2026-02-06","Facebook","Carousel","Synthetic social media update","#community #analytics","14218","31424","1051","144","95","10444","36","12","neutral","18"
"post_00179","2025-06-07","X/Twitter","Live","Synthetic social media update","#community #news","5559","12257","237","41","25","11896","8","3","negative","12"
"post_00180","2025-07-18","Facebook","Short","Synthetic social media update","#marketing #community","8830","16433","265","44","34","12388","9","3","positive","3"
"post_00181","2025-07-14","Facebook","Text","Synthetic social media update","#learning #news","9213","18200","950","127","48","12340","32","11","neutral","5"
"post_00182","2025-07-04","Instagram","Text","Synthetic social media update","#learning #analytics","15348","23552","1365","71","120","12220","43","14","positive","1"
"post_00183","2025-08-26","Facebook","Reel","Synthetic social media update","#business #technology","11323","19206","777","111","54","12856","27","9","neutral","10"
"post_00184","2025-12-14","LinkedIn","Live","Synthetic social media update","#marketing #business","10686","23124","1049","52","99","14176","33","11","neutral","5"
"post_00185","2025-09-18","X/Twitter","Image","Synthetic social media update","#technology #news","3914","7703","214","33","23","13132","7","2","neutral","12"
"post_00186","2026-02-25","YouTube","Reel","Synthetic social media update","#technology #analytics","19400","27126","1959","368","63","10672","70","23","neutral","19"
"post_00187","2025-05-04","YouTube","Short","Synthetic social media update","#technology #growth","14368","34903","1074","66","48","11488","34","11","positive","15"
"post_00188","2025-11-04","Facebook","Short","Synthetic social media update","#community #learning","14961","28396","1480","182","59","13696","50","17","negative","1"
"post_00189","2025-12-12","Instagram","Short","Synthetic social media update","#learning #news","16377","40966","1049","97","110","14152","34","11","negative","10"
"post_00190","2026-02-28","Instagram","Carousel","Synthetic social media update","#news #technology","29176","36345","1544","273","231","10708","55","18","negative","12"
"post_00191","2025-03-20","X/Twitter","Short","Synthetic social media update","#news #analytics","25843","64942","1493","198","146","10948","51","17","negative","18"
"post_00192","2025-06-16","LinkedIn","Reel","Synthetic social media update","#marketing #growth","2236","4462","108","14","17","12004","4","1","positive","0"
"post_00193","2025-04-16","Facebook","Video","Synthetic social media update","#business #community","21659","26734","1748","132","251","11272","56","19","neutral","4"
"post_00194","2025-01-03","Facebook","Image","Synthetic social media update","#news #technology","26374","67261","1102","100","154","10036","36","12","negative","4"
"post_00195","2026-01-21","LinkedIn","Text","Synthetic social media update","#growth #community","3326","7926","122","15","8","10252","4","1","positive","17"
"post_00196","2025-12-10","LinkedIn","Carousel","Synthetic social media update","#marketing #business","9946","14635","789","86","54","14128","26","9","negative","5"
"post_00197","2025-02-27","X/Twitter","Reel","Synthetic social media update","#growth #technology","23270","35029","2129","358","219","10696","75","25","negative","21"
"post_00198","2026-02-22","X/Twitter","Image","Synthetic social media update","#learning #analytics","6451","10910","414","77","14","10636","15","5","neutral","15"
"post_00199","2025-02-19","LinkedIn","Image","Synthetic social media update","#growth #analytics","13770","29040","561","44","20","10600","18","6","positive","6"
"post_00200","2025-11-24","Instagram","Text","Synthetic social media update","#business #community","2671","4657","110","10","16","13936","4","1","negative","7"
"post_00201","2025-05-09","LinkedIn","Image","Synthetic social media update","#marketing #technology","24886","58059","884","156","138","11548","31","10","negative","21"
"post_00202","2025-11-14","Facebook","Live","Synthetic social media update","#community #news","4288","6962","186","28","11","13816","6","2","neutral","15"
"post_00203","2025-08-27","X/Twitter","Live","Synthetic social media update","#business #technology","6113","10140","622","28","41","12868","20","6","negative","1"
"post_00204","2025-02-25","Instagram","Text","Synthetic social media update","#growth #marketing","11008","20306","459","86","18","10672","16","5","positive","8"
"post_00205","2025-05-10","YouTube","Video","Synthetic social media update","#community #news","17268","35908","958","50","40","11560","30","10","negative","21"
"post_00206","2025-07-30","Instagram","Text","Synthetic social media update","#learning #growth","23810","54343","1722","83","71","12532","54","18","negative","22"
"post_00207","2025-01-17","Facebook","Text","Synthetic social media update","#news #technology","23038","34761","1935","313","285","10204","67","22","negative","23"
"post_00208","2025-04-25","X/Twitter","Short","Synthetic social media update","#learning #analytics","11151","19601","558","68","27","11380","19","6","negative","20"
"post_00209","2026-01-08","LinkedIn","Text","Synthetic social media update","#learning #news","17972","27926","580","63","84","10096","19","6","neutral","19"
"post_00210","2025-02-13","LinkedIn","Carousel","Synthetic social media update","#technology #learning","10721","12991","932","132","86","10528","32","11","neutral","21"
"post_00211","2025-09-10","Instagram","Live","Synthetic social media update","#marketing #news","19576","34582","1933","182","224","13036","63","21","neutral","12"
"post_00212","2025-01-06","LinkedIn","Text","Synthetic social media update","#learning #growth","4143","5999","154","29","9","10072","5","2","negative","17"
"post_00213","2025-04-22","LinkedIn","Text","Synthetic social media update","#news #learning","26294","53491","1676","147","98","11344","55","18","neutral","15"
"post_00214","2025-10-08","Instagram","Image","Synthetic social media update","#business #marketing","9768","22598","798","42","127","13372","25","8","neutral","17"
"post_00215","2025-11-10","X/Twitter","Reel","Synthetic social media update","#business #growth","24302","43609","1092","69","88","13768","35","12","negative","5"
"post_00216","2025-12-26","Facebook","Carousel","Synthetic social media update","#analytics #community","19566","45089","1647","203","148","14320","56","18","positive","5"
"post_00217","2025-09-13","Instagram","Image","Synthetic social media update","#business #marketing","27659","56913","2980","488","157","13072","104","35","negative","11"
"post_00218","2025-01-06","LinkedIn","Carousel","Synthetic social media update","#technology #growth","2243","4579","153","16","23","10072","5","2","neutral","16"
"post_00219","2025-05-07","LinkedIn","Short","Synthetic social media update","#learning #technology","25608","62002","1156","184","164","11524","40","13","neutral","15"
"post_00220","2025-02-26","X/Twitter","Video","Synthetic social media update","#growth #marketing","5749","13315","435","66","53","10684","15","5","neutral","19"
"post_00221","2025-07-08","LinkedIn","Short","Synthetic social media update","#community #news","7777","11877","767","33","107","12268","24","8","negative","3"
"post_00222","2025-05-07","Facebook","Live","Synthetic social media update","#business #news","28260","70215","2325","213","286","11524","76","25","positive","17"
"post_00223","2025-04-15","LinkedIn","Carousel","Synthetic social media update","#analytics #technology","10821","17344","665","104","92","11260","23","8","negative","11"
"post_00224","2025-12-20","X/Twitter","Image","Synthetic social media update","#business #technology","8886","12125","487","30","67","14248","16","5","negative","23"
"post_00225","2025-03-19","LinkedIn","Text","Synthetic social media update","#marketing #news","11075","23158","808","130","34","10936","28","9","negative","12"
"post_00226","2025-04-23","LinkedIn","Short","Synthetic social media update","#learning #community","18470","38283","1291","189","171","11356","44","15","positive","20"
"post_00227","2025-02-27","Instagram","Reel","Synthetic social media update","#community #news","12156","28737","940","105","39","10696","31","10","negative","15"
"post_00228","2025-08-26","Facebook","Text","Synthetic social media update","#growth #business","17207","36066","975","84","104","12856","32","11","negative","19"
"post_00229","2025-10-18","X/Twitter","Video","Synthetic social media update","#growth #technology","7555","10830","705","129","28","13492","25","8","negative","18"
"post_00230","2025-10-21","YouTube","Video","Synthetic social media update","#learning #analytics","26067","43167","2841","267","404","13528","93","31","positive","18"
"post_00231","2025-02-09","X/Twitter","Video","Synthetic social media update","#community #news","29666","56702","2688","275","384","10480","89","30","positive","6"
"post_00232","2025-04-06","Instagram","Video","Synthetic social media update","#technology #analytics","6873","13393","477","94","63","11152","17","6","negative","14"
"post_00233","2025-11-15","YouTube","Live","Synthetic social media update","#community #marketing","29573","38075","1311","111","94","13828","43","14","positive","13"
"post_00234","2026-03-30","Facebook","Video","Synthetic social media update","#growth #marketing","21737","50093","2344","232","128","11068","77","26","negative","11"
"post_00235","2025-07-03","Instagram","Reel","Synthetic social media update","#analytics #business","17363","22659","1312","93","106","12208","42","14","negative","8"
"post_00236","2025-01-01","Facebook","Carousel","Synthetic social media update","#news #community","2619","3222","227","36","13","10012","8","3","negative","19"
"post_00237","2025-08-06","Instagram","Short","Synthetic social media update","#community #marketing","8888","11988","823","139","53","12616","29","10","negative","5"
"post_00238","2025-02-26","X/Twitter","Live","Synthetic social media update","#analytics #technology","6555","12400","552","94","19","10684","19","6","positive","9"
"post_00239","2026-03-25","LinkedIn","Video","Synthetic social media update","#learning #news","17572","41456","1148","64","114","11008","36","12","negative","0"
"post_00240","2025-04-17","Instagram","Video","Synthetic social media update","#technology #news","29710","61683","1684","126","188","11284","54","18","negative","18"
"post_00241","2025-12-13","LinkedIn","Video","Synthetic social media update","#growth #marketing","8227","16097","381","50","24","14164","13","4","negative","9"
"post_00242","2026-02-10","X/Twitter","Text","Synthetic social media update","#community #technology","24867","42545","1917","329","86","10492","67","22","neutral","19"
"post_00243","2025-11-08","YouTube","Reel","Synthetic social media update","#business #learning","29872","39034","3195","449","101","13744","109","36","positive","20"
"post_00244","2025-07-29","Instagram","Carousel","Synthetic social media update","#analytics #community","19999","36341","693","95","57","12520","24","8","negative","8"
"post_00245","2026-02-05","LinkedIn","Live","Synthetic social media update","#news #learning","4351","6176","312","35","32","10432","10","3","neutral","9"
"post_00246","2025-08-20","Instagram","Video","Synthetic social media update","#marketing #news","3788","9053","261","31","14","12784","9","3","negative","6"
"post_00247","2025-09-19","Facebook","Video","Synthetic social media update","#business #news","27585","69814","2375","213","72","13144","78","26","negative","18"
"post_00248","2026-03-23","Facebook","Text","Synthetic social media update","#business #community","28573","73633","2803","238","444","10984","91","30","negative","11"
"post_00249","2025-08-22","Instagram","Short","Synthetic social media update","#business #analytics","11107","22912","654","123","71","12808","23","8","negative","4"
"post_00250","2025-09-16","Facebook","Reel","Synthetic social media update","#growth #news","23972","46660","1352","194","95","13108","46","15","positive","9"
"post_00251","2025-04-07","Facebook","Text","Synthetic social media update","#analytics #learning","13177","31397","485","52","31","11164","16","5","neutral","5"
"post_00252","2025-04-04","Facebook","Video","Synthetic social media update","#community #marketing","23419","39045","1659","250","160","11128","57","19","neutral","13"
"post_00253","2025-12-18","X/Twitter","Carousel","Synthetic social media update","#marketing #news","6704","9968","500","90","49","14224","18","6","negative","14"
"post_00254","2025-04-03","LinkedIn","Reel","Synthetic social media update","#analytics #news","8604","13395","304","34","27","11116","10","3","neutral","6"
"post_00255","2026-03-02","X/Twitter","Short","Synthetic social media update","#growth #marketing","28976","50209","1020","77","54","10732","33","11","neutral","6"
"post_00256","2025-10-17","Instagram","Live","Synthetic social media update","#analytics #business","19625","28919","1384","69","191","13480","44","15","negative","20"
"post_00257","2025-04-06","LinkedIn","Image","Synthetic social media update","#marketing #analytics","2199","2990","107","5","12","11152","3","1","positive","16"
"post_00258","2025-01-27","YouTube","Video","Synthetic social media update","#learning #marketing","18990","44499","732","140","23","10324","26","9","positive","3"
"post_00259","2025-06-02","X/Twitter","Image","Synthetic social media update","#marketing #learning","29539","73782","1046","208","96","11836","38","13","negative","18"
"post_00260","2025-01-02","X/Twitter","Video","Synthetic social media update","#news #marketing","2537","4217","83","11","8","10024","3","1","neutral","17"
"post_00261","2025-01-08","Facebook","Image","Synthetic social media update","#business #news","7481","12715","468","85","69","10096","17","6","negative","12"
"post_00262","2025-09-14","Instagram","Image","Synthetic social media update","#technology #growth","16287","25014","1151","187","55","13084","40","13","positive","23"
"post_00263","2025-04-21","Facebook","Text","Synthetic social media update","#technology #marketing","21349","26139","1386","268","197","11332","50","17","neutral","14"
"post_00264","2025-08-17","Facebook","Text","Synthetic social media update","#business #community","4347","9476","388","55","35","12748","13","4","positive","13"
"post_00265","2025-03-27","Instagram","Image","Synthetic social media update","#growth #analytics","6574","15858","699","96","40","11032","24","8","neutral","13"
"post_00266","2025-05-03","Facebook","Carousel","Synthetic social media update","#learning #marketing","15142","38792","993","181","120","11476","35","12","neutral","18"
"post_00267","2025-07-23","Instagram","Live","Synthetic social media update","#community #technology","1977","4997","84","8","13","12448","3","1","negative","18"
"post_00268","2026-01-30","YouTube","Reel","Synthetic social media update","#growth #community","23759","34046","1012","114","71","10360","34","11","neutral","17"
"post_00269","2026-01-13","X/Twitter","Live","Synthetic social media update","#community #business","10265","20925","334","19","24","10156","11","4","neutral","16"
"post_00270","2026-01-24","LinkedIn","Reel","Synthetic social media update","#news #analytics","4759","8097","209","15","16","10288","7","2","negative","0"
"post_00271","2025-09-25","X/Twitter","Video","Synthetic social media update","#growth #community","20675","41355","2229","101","251","13216","70","23","positive","7"
"post_00272","2026-03-28","Facebook","Reel","Synthetic social media update","#marketing #community","28793","52644","2456","105","207","11044","77","26","positive","0"
"post_00273","2025-01-22","Instagram","Carousel","Synthetic social media update","#marketing #technology","28016","54548","2911","490","285","10264","102","34","positive","14"
"post_00274","2026-03-14","Instagram","Live","Synthetic social media update","#growth #technology","5591","12928","234","28","35","10876","8","3","positive","8"
"post_00275","2026-03-30","Facebook","Short","Synthetic social media update","#community #analytics","20660","52394","1077","113","70","11068","36","12","positive","10"
"post_00276","2025-03-13","X/Twitter","Live","Synthetic social media update","#community #growth","29655","41784","2191","211","345","10864","72","24","neutral","18"
"post_00277","2025-03-19","Facebook","Image","Synthetic social media update","#growth #business","11692","15138","1186","166","98","10936","41","14","negative","19"
"post_00278","2025-03-29","Instagram","Text","Synthetic social media update","#community #learning","1145","2335","87","7","3","11056","3","1","positive","15"
"post_00279","2025-08-23","Facebook","Reel","Synthetic social media update","#business #marketing","14190","19864","634","45","68","12820","20","7","positive","14"
"post_00280","2025-12-30","Facebook","Short","Synthetic social media update","#technology #learning","6114","15038","421","42","56","14368","14","5","positive","18"
"post_00281","2025-10-25","Instagram","Video","Synthetic social media update","#growth #learning","8129","13749","280","18","38","13576","9","3","positive","9"
"post_00282","2025-05-01","YouTube","Carousel","Synthetic social media update","#technology #marketing","7916","15102","640","122","20","11452","23","8","neutral","4"
"post_00283","2025-11-13","Instagram","Video","Synthetic social media update","#business #marketing","1313","3277","110","10","12","13804","4","1","neutral","12"
"post_00284","2025-03-31","Facebook","Video","Synthetic social media update","#growth #learning","1038","2480","74","7","6","11080","2","1","negative","9"
"post_00285","2025-01-13","YouTube","Video","Synthetic social media update","#community #learning","11025","25600","779","49","51","10156","25","8","negative","12"
"post_00286","2025-09-05","YouTube","Carousel","Synthetic social media update","#growth #news","3571","4956","287","46","36","12976","10","3","negative","13"
"post_00287","2025-11-26","Facebook","Live","Synthetic social media update","#analytics #learning","7348","13889","675","41","70","13960","21","7","negative","17"
"post_00288","2025-05-18","Facebook","Video","Synthetic social media update","#analytics #marketing","5595","7594","302","50","30","11656","11","4","positive","12"
"post_00289","2025-08-31","Instagram","Short","Synthetic social media update","#analytics #technology","29266","64863","2815","203","248","12916","91","30","neutral","8"
"post_00290","2025-12-16","Facebook","Carousel","Synthetic social media update","#business #community","20580","39328","1364","168","114","14200","46","15","positive","13"
"post_00291","2025-06-22","Facebook","Short","Synthetic social media update","#analytics #business","7944","15714","255","19","14","12076","8","3","positive","18"
"post_00292","2026-01-22","YouTube","Text","Synthetic social media update","#growth #business","2157","5178","179","30","17","10264","6","2","neutral","9"
"post_00293","2025-09-18","X/Twitter","Short","Synthetic social media update","#technology #marketing","28838","52033","2501","192","361","13132","81","27","positive","16"
"post_00294","2025-12-21","YouTube","Image","Synthetic social media update","#marketing #learning","4621","6487","493","42","60","14260","16","5","neutral","22"
"post_00295","2025-10-06","Instagram","Live","Synthetic social media update","#news #community","16168","24756","1205","234","139","13348","43","14","negative","0"
"post_00296","2025-10-28","Instagram","Reel","Synthetic social media update","#business #analytics","29985","40783","2566","404","297","13612","89","30","positive","12"
"post_00297","2025-12-29","YouTube","Short","Synthetic social media update","#growth #learning","1277","2438","88","6","4","14356","3","1","negative","1"
"post_00298","2025-06-25","Instagram","Carousel","Synthetic social media update","#learning #analytics","23582","48008","1752","292","258","12112","61","20","negative","9"
"post_00299","2025-12-06","Facebook","Text","Synthetic social media update","#analytics #business","2301","4503","207","35","31","14080","7","2","neutral","10"
"post_00300","2025-04-12","X/Twitter","Text","Synthetic social media update","#news #learning","5418","13539","283","23","10","11224","9","3","neutral","0"
"post_00301","2025-06-19","LinkedIn","Video","Synthetic social media update","#news #analytics","19136","32004","1453","218","166","12040","50","17","positive","10"
"post_00302","2026-02-15","LinkedIn","Image","Synthetic social media update","#growth #analytics","23737","55257","1141","172","83","10552","39","13","negative","6"
"post_00303","2025-11-06","YouTube","Reel","Synthetic social media update","#community #news","25874","58436","2364","281","295","13720","79","26","positive","12"
"post_00304","2025-05-10","X/Twitter","Live","Synthetic social media update","#technology #news","1899","4394","190","20","18","11560","6","2","neutral","11"
"post_00305","2025-01-28","Instagram","Text","Synthetic social media update","#community #learning","16336","38608","1000","129","145","10336","34","11","positive","22"
"post_00306","2025-09-24","LinkedIn","Video","Synthetic social media update","#community #marketing","11355","18356","429","39","17","13204","14","5","neutral","20"
"post_00307","2025-02-06","LinkedIn","Live","Synthetic social media update","#news #marketing","5673","12209","238","42","23","10444","8","3","negative","21"
"post_00308","2026-01-03","YouTube","Reel","Synthetic social media update","#technology #business","6804","13378","488","74","43","10036","17","6","neutral","11"
"post_00309","2025-04-07","X/Twitter","Live","Synthetic social media update","#community #marketing","27550","40893","1589","195","111","11164","54","18","negative","22"
"post_00310","2025-09-08","YouTube","Video","Synthetic social media update","#news #business","12321","30889","472","39","59","13012","15","5","negative","9"
"post_00311","2025-08-30","Instagram","Video","Synthetic social media update","#marketing #technology","4475","8290","270","28","40","12904","9","3","negative","20"
"post_00312","2025-06-29","LinkedIn","Reel","Synthetic social media update","#marketing #business","19762","49196","1332","66","51","12160","42","14","negative","19"
"post_00313","2025-10-14","Facebook","Carousel","Synthetic social media update","#news #marketing","11466","28921","769","33","83","13444","24","8","negative","2"
"post_00314","2025-04-27","LinkedIn","Reel","Synthetic social media update","#technology #analytics","28144","61737","1203","127","189","11404","40","13","positive","12"
"post_00315","2026-03-05","X/Twitter","Short","Synthetic social media update","#growth #community","16628","26703","1403","239","108","10768","49","16","neutral","22"
"post_00316","2025-01-21","YouTube","Short","Synthetic social media update","#learning #community","22762","45149","2468","396","220","10252","86","29","positive","15"
"post_00317","2025-06-15","LinkedIn","Live","Synthetic social media update","#technology #analytics","17766","43559","1141","109","88","11992","38","12","neutral","11"
"post_00318","2025-01-26","Instagram","Carousel","Synthetic social media update","#news #marketing","26343","39265","813","125","123","10312","28","9","neutral","16"
"post_00319","2025-10-22","X/Twitter","Carousel","Synthetic social media update","#technology #analytics","2459","4385","85","5","7","13540","3","1","positive","22"
"post_00320","2025-07-05","LinkedIn","Carousel","Synthetic social media update","#analytics #learning","5948","13715","242","35","22","12232","8","3","positive","2"
"post_00321","2025-05-30","Facebook","Reel","Synthetic social media update","#learning #growth","26150","40330","2803","493","240","11800","99","33","negative","17"
"post_00322","2025-05-04","LinkedIn","Video","Synthetic social media update","#business #learning","1272","2096","110","13","17","11488","4","1","negative","12"
"post_00323","2025-05-06","LinkedIn","Live","Synthetic social media update","#growth #business","3335","5006","126","18","9","11512","4","1","negative","17"
"post_00324","2025-06-07","YouTube","Image","Synthetic social media update","#technology #learning","11204","15867","509","36","49","11896","16","5","positive","2"
"post_00325","2025-04-05","X/Twitter","Video","Synthetic social media update","#news #technology","20837","26271","1603","246","161","11140","55","18","negative","11"
"post_00326","2025-10-16","X/Twitter","Video","Synthetic social media update","#learning #news","25224","55755","1527","186","150","13468","51","17","positive","18"
"post_00327","2025-05-18","Facebook","Video","Synthetic social media update","#community #marketing","12407","24029","406","60","20","11656","14","5","neutral","19"
"post_00328","2025-08-24","LinkedIn","Short","Synthetic social media update","#business #growth","10171","15829","755","126","49","12832","26","9","positive","11"
"post_00329","2025-06-26","Instagram","Video","Synthetic social media update","#analytics #learning","4070","6372","322","17","46","12124","10","3","negative","23"
"post_00330","2025-11-08","X/Twitter","Short","Synthetic social media update","#business #analytics","23723","37881","1962","238","225","13744","66","22","neutral","15"
"post_00331","2026-02-18","Facebook","Image","Synthetic social media update","#technology #analytics","28354","71758","2301","443","344","10588","82","27","positive","6"
"post_00332","2025-09-27","YouTube","Video","Synthetic social media update","#analytics #marketing","12045","21176","534","46","48","13240","17","6","positive","18"
"post_00333","2026-03-09","LinkedIn","Live","Synthetic social media update","#community #business","4837","8856","476","35","39","10816","15","5","neutral","15"
"post_00334","2025-01-20","Instagram","Live","Synthetic social media update","#growth #technology","17960","41919","1729","99","59","10240","55","18","neutral","11"
"post_00335","2025-10-29","Instagram","Live","Synthetic social media update","#learning #news","11975","14447","783","80","80","13624","26","9","negative","14"
"post_00336","2025-06-17","Instagram","Video","Synthetic social media update","#growth #community","21303","28395","820","121","73","12016","28","9","neutral","2"
"post_00337","2025-07-14","Facebook","Reel","Synthetic social media update","#growth #learning","7945","16688","527","43","62","12340","17","6","positive","13"
"post_00338","2025-02-02","YouTube","Text","Synthetic social media update","#technology #business","4334","6279","401","72","60","10396","14","5","negative","16"
"post_00339","2025-07-31","X/Twitter","Carousel","Synthetic social media update","#growth #community","9380","23138","1028","186","95","12544","36","12","negative","11"
"post_00340","2025-03-13","X/Twitter","Live","Synthetic social media update","#business #marketing","2111","4717","81","12","9","10864","3","1","negative","22"
"post_00341","2025-03-26","X/Twitter","Live","Synthetic social media update","#analytics #technology","16465","28756","636","66","46","11020","21","7","neutral","22"
"post_00342","2025-04-14","X/Twitter","Video","Synthetic social media update","#business #news","19110","23046","1754","118","194","11248","56","19","neutral","5"
"post_00343","2025-09-17","X/Twitter","Short","Synthetic social media update","#news #analytics","12456","30534","792","73","119","13120","26","9","positive","0"
"post_00344","2025-02-07","YouTube","Video","Synthetic social media update","#growth #marketing","15637","25623","1395","222","212","10456","49","16","positive","4"
"post_00345","2025-09-29","Facebook","Image","Synthetic social media update","#growth #learning","8265","11043","511","51","51","13264","17","6","negative","6"
"post_00346","2026-03-02","Instagram","Text","Synthetic social media update","#news #business","11230","14370","703","136","89","10732","25","8","neutral","2"
"post_00347","2025-12-22","Facebook","Carousel","Synthetic social media update","#growth #community","25225","62059","2738","367","91","14272","93","31","neutral","21"
"post_00348","2025-01-14","YouTube","Carousel","Synthetic social media update","#technology #learning","19771","49023","610","92","80","10168","21","7","negative","23"
"post_00349","2025-01-22","X/Twitter","Short","Synthetic social media update","#business #growth","3223","7932","98","14","12","10264","3","1","neutral","2"
"post_00350","2025-12-21","LinkedIn","Live","Synthetic social media update","#learning #marketing","12588","17779","507","31","62","14260","16","5","positive","6"
"post_00351","2026-01-04","YouTube","Text","Synthetic social media update","#business #technology","7879","18798","678","111","91","10048","24","8","positive","8"
"post_00352","2025-11-23","Instagram","Short","Synthetic social media update","#learning #marketing","2894","4700","315","45","42","13924","11","4","positive","19"
"post_00353","2025-06-14","LinkedIn","Image","Synthetic social media update","#community #technology","4064","7285","133","13","6","11980","4","1","negative","12"
"post_00354","2026-02-04","LinkedIn","Text","Synthetic social media update","#learning #news","6404","11187","552","37","61","10420","18","6","neutral","9"
"post_00355","2025-04-16","LinkedIn","Short","Synthetic social media update","#analytics #marketing","11983","16633","928","61","127","11272","30","10","neutral","9"
"post_00356","2025-08-12","YouTube","Carousel","Synthetic social media update","#analytics #technology","27285","36833","2785","209","383","12688","90","30","positive","4"
"post_00357","2025-06-08","X/Twitter","Carousel","Synthetic social media update","#growth #business","14451","35014","1288","167","70","11908","44","15","positive","8"
"post_00358","2026-01-09","Instagram","Carousel","Synthetic social media update","#news #business","18423","33049","1360","72","141","10108","43","14","negative","12"
"post_00359","2026-02-01","Facebook","Live","Synthetic social media update","#news #marketing","1781","3979","131","17","9","10384","4","1","positive","6"
"post_00360","2025-08-09","YouTube","Reel","Synthetic social media update","#analytics #learning","1826","2434","138","15","13","12652","5","2","positive","15"
"post_00361","2025-01-15","LinkedIn","Live","Synthetic social media update","#growth #community","18211","40177","1237","232","114","10180","44","15","negative","8"
"post_00362","2026-01-10","X/Twitter","Carousel","Synthetic social media update","#growth #news","10674","17312","1015","153","79","10120","35","12","neutral","22"
"post_00363","2025-03-17","YouTube","Reel","Synthetic social media update","#business #community","26476","65077","1813","219","107","10912","61","20","neutral","0"
"post_00364","2025-02-21","Facebook","Reel","Synthetic social media update","#news #growth","14961","26670","1523","204","86","10624","52","17","negative","13"
"post_00365","2025-10-12","Instagram","Text","Synthetic social media update","#technology #learning","14438","34562","1392","264","208","13420","50","17","neutral","5"
"post_00366","2026-02-03","Instagram","Video","Synthetic social media update","#growth #analytics","14772","36210","1357","168","104","10408","46","15","positive","2"
"post_00367","2026-03-17","X/Twitter","Text","Synthetic social media update","#business #marketing","8107","11012","403","28","44","10912","13","4","negative","10"
"post_00368","2025-04-14","Facebook","Live","Synthetic social media update","#growth #learning","9502","13062","339","50","13","11248","12","4","negative","1"
"post_00369","2025-09-05","Facebook","Carousel","Synthetic social media update","#technology #marketing","5542","9050","189","19","13","12976","6","2","negative","16"
"post_00370","2025-06-20","YouTube","Carousel","Synthetic social media update","#growth #business","17970","24955","1870","228","275","12052","63","21","positive","5"
"post_00371","2025-10-23","YouTube","Short","Synthetic social media update","#community #analytics","29628","72230","1807","103","161","13552","57","19","neutral","9"
"post_00372","2025-02-16","Facebook","Video","Synthetic social media update","#learning #business","17461","33876","1054","97","154","10564","35","12","negative","4"
"post_00373","2026-01-31","LinkedIn","Carousel","Synthetic social media update","#marketing #analytics","2815","4021","309","21","35","10372","10","3","neutral","8"
"post_00374","2025-09-11","X/Twitter","Live","Synthetic social media update","#marketing #news","12560","27327","605","100","93","13048","21","7","negative","18"
"post_00375","2026-03-06","LinkedIn","Carousel","Synthetic social media update","#growth #learning","18586","41457","1926","384","173","10780","69","23","negative","4"
"post_00376","2025-09-30","X/Twitter","Carousel","Synthetic social media update","#analytics #news","11077","18779","1008","42","83","13276","32","10","negative","23"
"post_00377","2025-04-04","Facebook","Carousel","Synthetic social media update","#technology #community","25557","46666","1441","177","104","11128","49","16","neutral","8"
"post_00378","2025-09-28","YouTube","Video","Synthetic social media update","#analytics #news","8244","19112","872","101","72","13252","29","10","negative","3"
"post_00379","2025-01-02","X/Twitter","Live","Synthetic social media update","#business #technology","23314","46238","2453","255","391","10024","81","27","negative","15"
"post_00380","2025-04-10","YouTube","Text","Synthetic social media update","#analytics #news","17339","22223","1197","169","175","11200","41","14","negative","6"
"post_00381","2025-07-02","X/Twitter","Image","Synthetic social media update","#growth #technology","18719","40576","898","96","98","12196","30","10","neutral","9"
"post_00382","2025-05-11","X/Twitter","Text","Synthetic social media update","#technology #business","29552","66381","2035","257","149","11572","69","23","positive","21"
"post_00383","2026-02-27","Facebook","Short","Synthetic social media update","#learning #technology","4529","6678","212","35","20","10696","7","2","negative","18"
"post_00384","2025-05-24","Facebook","Carousel","Synthetic social media update","#marketing #business","22476","37863","1278","195","125","11728","44","15","neutral","13"
"post_00385","2025-08-26","X/Twitter","Carousel","Synthetic social media update","#learning #analytics","11154","24690","883","146","71","12856","31","10","positive","1"
"post_00386","2026-03-08","YouTube","Video","Synthetic social media update","#analytics #business","11067","17524","1109","204","63","10804","39","13","positive","9"
"post_00387","2025-07-25","LinkedIn","Carousel","Synthetic social media update","#analytics #learning","3458","6429","298","24","12","12472","10","3","negative","15"
"post_00388","2025-12-21","Instagram","Live","Synthetic social media update","#marketing #news","12126","22375","501","38","55","14260","16","5","positive","12"
"post_00389","2025-07-13","YouTube","Short","Synthetic social media update","#technology #business","24599","35542","767","84","42","12328","26","9","positive","20"
"post_00390","2025-07-17","Facebook","Video","Synthetic social media update","#news #technology","3696","4823","287","29","23","12376","9","3","negative","15"
"post_00391","2025-06-12","X/Twitter","Live","Synthetic social media update","#technology #learning","9630","21912","1003","90","153","11956","33","11","positive","4"
"post_00392","2025-10-26","YouTube","Short","Synthetic social media update","#news #growth","29321","39939","1040","68","71","13588","33","11","negative","1"
"post_00393","2025-05-01","Instagram","Live","Synthetic social media update","#analytics #marketing","7216","9765","377","62","13","11452","13","4","neutral","18"
"post_00394","2025-12-17","LinkedIn","Reel","Synthetic social media update","#analytics #learning","5369","12611","469","54","56","14212","16","5","negative","21"
"post_00395","2025-11-15","Facebook","Carousel","Synthetic social media update","#news #growth","6974","17822","288","46","27","13828","10","3","negative","0"
"post_00396","2025-07-18","Instagram","Video","Synthetic social media update","#marketing #analytics","12063","29010","644","109","45","12388","23","8","positive","0"
"post_00397","2025-03-11","YouTube","Short","Synthetic social media update","#news #analytics","13642","28139","1293","209","195","10840","45","15","negative","6"
"post_00398","2025-10-02","Facebook","Reel","Synthetic social media update","#analytics #marketing","11700","20624","1074","153","163","13300","37","12","positive","1"
"post_00399","2025-08-25","YouTube","Image","Synthetic social media update","#growth #technology","11143","20112","954","128","94","12844","32","11","positive","20"
"post_00400","2026-02-21","Instagram","Short","Synthetic social media update","#business #marketing","22294","43401","1434","209","126","10624","49","16","negative","9"
"post_00401","2025-06-22","LinkedIn","Live","Synthetic social media update","#growth #technology","13207","27608","1421","193","48","12076","48","16","negative","14"
"post_00402","2025-10-25","LinkedIn","Live","Synthetic social media update","#analytics #growth","15493","32282","1526","110","194","13576","49","16","negative","17"
"post_00403","2025-04-10","YouTube","Reel","Synthetic social media update","#learning #community","10975","20774","724","103","85","11200","25","8","negative","22"
"post_00404","2025-02-21","Instagram","Carousel","Synthetic social media update","#analytics #learning","21114","44964","1798","196","139","10624","60","20","positive","9"
"post_00405","2025-02-14","Facebook","Live","Synthetic social media update","#learning #technology","6937","11254","233","18","8","10540","8","3","negative","21"
"post_00406","2025-04-15","LinkedIn","Short","Synthetic social media update","#marketing #growth","6137","10505","256","24","11","11260","8","3","negative","23"
"post_00407","2025-06-02","LinkedIn","Reel","Synthetic social media update","#community #growth","15375","20465","1027","118","151","11836","34","11","negative","19"
"post_00408","2025-07-12","LinkedIn","Image","Synthetic social media update","#growth #technology","19617","38726","1622","154","191","12316","53","18","positive","7"
"post_00409","2025-04-03","Facebook","Carousel","Synthetic social media update","#learning #marketing","21580","50915","998","101","109","11116","33","11","neutral","13"
"post_00410","2025-06-12","YouTube","Live","Synthetic social media update","#marketing #growth","2296","3807","101","4","6","11956","3","1","negative","17"
"post_00411","2025-09-20","YouTube","Live","Synthetic social media update","#growth #technology","14172","20001","874","150","90","13156","31","10","neutral","12"
"post_00412","2026-01-01","X/Twitter","Reel","Synthetic social media update","#growth #marketing","23274","60065","2083","266","311","10012","70","23","positive","7"
"post_00413","2025-02-06","LinkedIn","Image","Synthetic social media update","#growth #news","14133","21055","532","92","43","10444","19","6","neutral","11"
"post_00414","2025-10-14","Instagram","Carousel","Synthetic social media update","#news #marketing","21941","31334","2170","309","314","13444","74","25","negative","7"
"post_00415","2025-06-22","LinkedIn","Reel","Synthetic social media update","#news #learning","22556","56253","1938","318","293","12076","68","23","positive","7"
"post_00416","2025-10-14","Instagram","Video","Synthetic social media update","#analytics #business","20249","25397","1767","146","146","13444","57","19","positive","8"
"post_00417","2025-09-12","Facebook","Carousel","Synthetic social media update","#technology #marketing","26752","45016","2210","199","280","13060","72","24","negative","21"
"post_00418","2025-02-16","X/Twitter","Short","Synthetic social media update","#community #marketing","27496","63902","1403","147","182","10564","46","16","negative","18"
"post_00419","2025-05-26","LinkedIn","Reel","Synthetic social media update","#learning #analytics","25217","35370","1805","343","127","11752","64","21","negative","0"
"post_00420","2025-09-28","YouTube","Short","Synthetic social media update","#community #learning","22884","40958","2420","276","315","13252","81","27","negative","2"
"post_00421","2025-06-26","Instagram","Text","Synthetic social media update","#technology #growth","6749","9245","723","70","72","12124","24","8","positive","9"
"post_00422","2025-05-22","Facebook","Text","Synthetic social media update","#business #news","2116","5060","174","34","15","11704","6","2","positive","8"
"post_00423","2025-11-24","LinkedIn","Text","Synthetic social media update","#growth #analytics","10056","24986","999","171","153","13936","35","12","neutral","23"
"post_00424","2025-12-31","X/Twitter","Carousel","Synthetic social media update","#learning #marketing","11628","25472","617","56","55","14380","20","7","negative","20"
"post_00425","2025-03-15","Facebook","Video","Synthetic social media update","#learning #community","21163","48086","793","112","81","10888","27","9","negative","2"
"post_00426","2026-03-24","Instagram","Live","Synthetic social media update","#community #business","11594","25360","708","77","44","10996","24","8","positive","7"
"post_00427","2025-03-07","Facebook","Text","Synthetic social media update","#technology #growth","18418","45780","1551","101","225","10792","50","17","positive","18"
"post_00428","2025-06-02","Facebook","Short","Synthetic social media update","#business #learning","6982","14663","388","66","55","11836","14","5","negative","5"
"post_00429","2025-04-16","YouTube","Video","Synthetic social media update","#growth #community","29507","49942","2742","423","186","11272","95","32","negative","23"
"post_00430","2026-01-25","Instagram","Short","Synthetic social media update","#analytics #news","22075","30916","1993","329","69","10300","70","23","neutral","0"
"post_00431","2026-03-03","X/Twitter","Text","Synthetic social media update","#news #analytics","23155","55231","1569","131","239","10744","51","17","positive","1"
"post_00432","2025-09-21","Facebook","Text","Synthetic social media update","#marketing #news","3880","5587","390","30","52","13168","13","4","neutral","19"
"post_00433","2026-03-15","LinkedIn","Reel","Synthetic social media update","#learning #growth","26958","41938","1383","225","107","10888","48","16","negative","10"
"post_00434","2025-09-03","X/Twitter","Text","Synthetic social media update","#technology #analytics","9165","11684","628","88","33","12952","21","7","neutral","12"
"post_00435","2025-08-23","X/Twitter","Reel","Synthetic social media update","#growth #business","12594","19992","657","75","42","12820","22","7","positive","20"
"post_00436","2025-08-29","LinkedIn","Live","Synthetic social media update","#business #news","2568","3514","92","7","11","12892","3","1","positive","11"
"post_00437","2025-11-18","LinkedIn","Text","Synthetic social media update","#analytics #growth","15661","23285","1479","264","233","13864","52","17","neutral","14"
"post_00438","2025-04-28","Instagram","Short","Synthetic social media update","#growth #community","9672","18916","436","47","26","11416","14","5","neutral","14"
"post_00439","2025-12-31","Facebook","Image","Synthetic social media update","#community #news","27790","55571","2081","386","166","14380","74","25","neutral","5"
"post_00440","2025-05-01","LinkedIn","Image","Synthetic social media update","#marketing #technology","24349","56529","1916","104","70","11452","61","20","neutral","14"
"post_00441","2025-07-07","Facebook","Image","Synthetic social media update","#business #growth","18003","22366","1219","94","69","12256","39","13","neutral","20"
"post_00442","2025-10-25","LinkedIn","Video","Synthetic social media update","#learning #community","21174","39349","973","166","64","13576","34","11","neutral","22"
"post_00443","2026-02-13","Facebook","Carousel","Synthetic social media update","#learning #marketing","11237","26938","641","27","35","10528","20","7","negative","16"
"post_00444","2025-02-14","YouTube","Carousel","Synthetic social media update","#analytics #news","6975","16398","387","43","33","10540","13","4","negative","10"
"post_00445","2025-05-31","X/Twitter","Carousel","Synthetic social media update","#community #analytics","17105","41123","886","143","89","11812","31","10","negative","14"
"post_00446","2025-12-27","LinkedIn","Text","Synthetic social media update","#business #learning","21205","34540","2211","115","83","14332","70","23","negative","5"
"post_00447","2025-07-30","Instagram","Carousel","Synthetic social media update","#marketing #technology","23265","37581","1229","161","71","12532","42","14","neutral","9"
"post_00448","2025-12-07","YouTube","Reel","Synthetic social media update","#learning #marketing","18805","34167","855","52","104","14092","27","9","positive","1"
"post_00449","2025-09-21","Facebook","Carousel","Synthetic social media update","#community #analytics","27075","41930","1427","237","148","13168","50","17","positive","6"
"post_00450","2025-04-21","YouTube","Image","Synthetic social media update","#community #learning","29717","74672","1589","154","50","11332","52","17","neutral","6"
"post_00451","2025-11-17","Facebook","Video","Synthetic social media update","#marketing #business","25877","39836","1611","157","166","13852","53","18","neutral","12"
"post_00452","2025-12-29","YouTube","Text","Synthetic social media update","#community #analytics","20412","37087","2241","342","96","14356","77","26","positive","11"
"post_00453","2025-08-15","LinkedIn","Live","Synthetic social media update","#community #growth","4932","6111","288","24","42","12724","9","3","positive","7"
"post_00454","2026-01-17","Instagram","Short","Synthetic social media update","#analytics #community","11875","20763","389","29","55","10204","13","4","positive","11"
"post_00455","2026-02-25","YouTube","Carousel","Synthetic social media update","#learning #news","14922","36807","1487","244","218","10672","52","17","negative","23"
"post_00456","2025-09-25","YouTube","Text","Synthetic social media update","#news #technology","23398","39429","2025","268","121","13216","69","23","neutral","12"
"post_00457","2025-03-05","Facebook","Reel","Synthetic social media update","#analytics #marketing","20304","48551","1713","235","151","10768","58","19","negative","15"
"post_00458","2025-12-22","LinkedIn","Text","Synthetic social media update","#growth #news","17233","33681","894","132","52","14272","31","10","negative","6"
"post_00459","2025-09-21","YouTube","Live","Synthetic social media update","#technology #growth","22223","39055","1702","217","120","13168","58","19","positive","16"
"post_00460","2025-07-27","LinkedIn","Reel","Synthetic social media update","#community #news","11351","14889","744","112","61","12496","26","9","negative","19"
"post_00461","2025-05-01","YouTube","Image","Synthetic social media update","#analytics #marketing","7174","17588","637","81","71","11452","22","7","positive","11"
"post_00462","2025-01-16","YouTube","Text","Synthetic social media update","#analytics #technology","27790","40741","2549","308","242","10192","86","29","positive","2"
"post_00463","2025-03-02","YouTube","Image","Synthetic social media update","#marketing #growth","6207","12558","580","56","79","10732","19","6","positive","2"
"post_00464","2025-09-23","YouTube","Image","Synthetic social media update","#growth #news","1011","2376","51","5","6","13192","2","1","negative","23"
"post_00465","2025-01-16","LinkedIn","Carousel","Synthetic social media update","#learning #business","19407","49500","735","64","62","10192","24","8","negative","14"
"post_00466","2026-03-04","Instagram","Video","Synthetic social media update","#learning #growth","20359","26990","2192","185","312","10756","71","24","negative","10"
"post_00467","2025-06-24","X/Twitter","Image","Synthetic social media update","#analytics #business","27560","36202","2513","188","386","12100","81","27","negative","16"
"post_00468","2025-07-24","X/Twitter","Text","Synthetic social media update","#business #news","2427","4773","114","21","6","12460","4","1","positive","1"
"post_00469","2025-08-14","LinkedIn","Short","Synthetic social media update","#learning #business","6074","7890","374","18","18","12712","12","4","positive","0"
"post_00470","2026-03-19","Facebook","Text","Synthetic social media update","#technology #news","18764","48341","1021","185","115","10936","36","12","neutral","20"
"post_00471","2026-02-06","YouTube","Carousel","Synthetic social media update","#growth #business","4916","12417","203","25","7","10444","7","2","positive","10"
"post_00472","2025-02-12","Instagram","Carousel","Synthetic social media update","#marketing #learning","27832","56923","1853","333","64","10516","66","22","positive","12"
"post_00473","2025-11-19","Instagram","Live","Synthetic social media update","#marketing #news","21268","42799","2329","161","154","13876","75","25","positive","17"
"post_00474","2025-06-01","YouTube","Video","Synthetic social media update","#news #business","6778","16364","284","38","29","11824","10","3","negative","0"
"post_00475","2026-02-06","Instagram","Video","Synthetic social media update","#analytics #community","28125","52498","2745","172","299","10444","88","29","neutral","3"
"post_00476","2025-07-16","LinkedIn","Image","Synthetic social media update","#technology #marketing","5659","11494","537","61","36","12364","18","6","neutral","3"
"post_00477","2026-03-14","YouTube","Reel","Synthetic social media update","#community #learning","4487","10468","442","86","50","10876","16","5","positive","18"
"post_00478","2026-02-01","YouTube","Video","Synthetic social media update","#technology #marketing","19533","26609","1642","295","106","10384","58","19","neutral","20"
"post_00479","2026-01-24","Facebook","Short","Synthetic social media update","#news #analytics","10075","19381","697","50","85","10288","22","7","neutral","9"
"post_00480","2025-11-08","YouTube","Live","Synthetic social media update","#analytics #community","3093","5862","253","34","40","13744","9","3","negative","1"
"post_00481","2026-02-07","Facebook","Short","Synthetic social media update","#technology #news","9254","21754","365","54","33","10456","13","4","negative","11"
"post_00482","2026-03-03","Instagram","Video","Synthetic social media update","#learning #technology","9365","22910","570","62","18","10744","19","6","negative","15"
"post_00483","2025-10-26","YouTube","Image","Synthetic social media update","#growth #community","3618","6868","275","26","24","13588","9","3","neutral","23"
"post_00484","2025-02-07","LinkedIn","Short","Synthetic social media update","#news #learning","29106","40636","1691","277","73","10456","59","20","positive","4"
"post_00485","2026-01-06","X/Twitter","Live","Synthetic social media update","#business #news","14119","25590","972","58","58","10072","31","10","positive","16"
"post_00486","2025-04-09","Facebook","Image","Synthetic social media update","#marketing #growth","13218","27152","1063","107","84","11188","35","12","negative","17"
"post_00487","2025-12-19","YouTube","Live","Synthetic social media update","#growth #news","12684","28908","438","48","21","14236","15","5","negative","22"
"post_00488","2025-10-05","YouTube","Live","Synthetic social media update","#business #marketing","24646","62977","2552","253","106","13336","84","28","negative","14"
"post_00489","2025-07-26","Instagram","Image","Synthetic social media update","#technology #learning","23434","48360","1650","271","243","12484","58","19","negative","8"
"post_00490","2026-03-18","YouTube","Reel","Synthetic social media update","#technology #news","13194","27447","1012","165","37","10924","35","12","neutral","9"
"post_00491","2025-01-25","LinkedIn","Reel","Synthetic social media update","#news #community","3171","4030","319","49","27","10300","11","4","neutral","12"
"post_00492","2025-04-29","YouTube","Carousel","Synthetic social media update","#business #technology","8450","10831","698","53","35","11428","23","8","positive","21"
"post_00493","2025-05-09","Facebook","Reel","Synthetic social media update","#analytics #business","29020","46005","1366","239","120","11548","48","16","neutral","5"
"post_00494","2025-03-09","YouTube","Reel","Synthetic social media update","#business #marketing","16977","37920","1144","166","110","10816","39","13","neutral","21"
"post_00495","2026-01-01","YouTube","Short","Synthetic social media update","#learning #technology","3286","4741","278","55","26","10012","10","3","positive","18"
"post_00496","2025-06-13","X/Twitter","Live","Synthetic social media update","#marketing #community","4284","8343","308","35","10","11968","10","3","negative","20"
"post_00497","2025-01-20","YouTube","Image","Synthetic social media update","#analytics #community","11255","20668","1186","205","165","10240","42","14","negative","18"
"post_00498","2026-03-31","X/Twitter","Carousel","Synthetic social media update","#business #community","3718","6299","384","57","32","11080","13","4","positive","6"
"post_00499","2025-04-13","YouTube","Video","Synthetic social media update","#technology #community","26316","48508","1904","175","238","11236","62","21","neutral","0"
"post_00500","2025-01-01","X/Twitter","Live","Synthetic social media update","#analytics #growth","25567","57935","1889","146","65","10012","61","20","negative","3"
"post_00501","2026-01-23","Instagram","Image","Synthetic social media update","#business #news","23140","48413","1877","137","258","10276","60","20","neutral","4"
"post_00502","2026-01-20","Instagram","Text","Synthetic social media update","#technology #news","19451","49107","1650","326","183","10240","59","20","positive","19"
"post_00503","2025-10-09","Instagram","Carousel","Synthetic social media update","#learning #analytics","23905","39455","1417","226","142","13384","49","16","neutral","13"
"post_00504","2025-11-07","X/Twitter","Text","Synthetic social media update","#marketing #technology","13535","30437","487","45","71","13732","16","5","positive","5"
"post_00505","2025-05-28","Facebook","Image","Synthetic social media update","#learning #technology","6307","9691","662","128","82","11776","24","8","positive","3"
"post_00506","2025-09-15","X/Twitter","Image","Synthetic social media update","#analytics #technology","16004","32504","1446","237","157","13096","50","17","negative","9"
"post_00507","2026-02-10","X/Twitter","Reel","Synthetic social media update","#news #marketing","15941","37355","730","78","65","10492","24","8","positive","13"
"post_00508","2025-06-13","Instagram","Live","Synthetic social media update","#community #news","15485","23874","613","25","28","11968","19","6","negative","20"
"post_00509","2025-07-04","Instagram","Carousel","Synthetic social media update","#marketing #community","29414","64090","1048","136","128","12220","36","12","positive","16"
"post_00510","2025-05-18","X/Twitter","Carousel","Synthetic social media update","#news #learning","10948","24580","904","180","27","11656","33","11","neutral","23"
"post_00511","2025-08-24","Facebook","Live","Synthetic social media update","#learning #technology","24279","44012","1644","261","129","12832","57","19","negative","9"
"post_00512","2025-12-08","X/Twitter","Carousel","Synthetic social media update","#analytics #community","29754","40381","2955","293","220","14104","97","32","negative","10"
"post_00513","2025-10-17","X/Twitter","Short","Synthetic social media update","#learning #community","8522","14629","689","116","67","13480","24","8","positive","20"
"post_00514","2025-02-26","Instagram","Carousel","Synthetic social media update","#business #news","10735","18252","1096","65","121","10684","35","12","positive","12"
"post_00515","2025-05-30","Instagram","Video","Synthetic social media update","#community #analytics","27914","47573","2278","224","233","11800","75","25","positive","11"
"post_00516","2025-05-11","X/Twitter","Live","Synthetic social media update","#learning #community","11152","19933","1050","168","136","11572","37","12","positive","4"
"post_00517","2025-11-02","YouTube","Image","Synthetic social media update","#analytics #learning","8901","15731","798","69","34","13672","26","9","neutral","2"
"post_00518","2025-12-07","X/Twitter","Live","Synthetic social media update","#community #learning","4348","6502","286","32","25","14092","10","3","neutral","14"
"post_00519","2025-05-04","YouTube","Video","Synthetic social media update","#growth #analytics","17069","42186","1157","68","45","11488","37","12","negative","12"
"post_00520","2025-03-12","YouTube","Video","Synthetic social media update","#technology #marketing","25244","31336","977","68","115","10852","31","10","positive","4"
"post_00521","2025-06-12","YouTube","Video","Synthetic social media update","#business #analytics","22142","32338","1614","237","108","11956","56","19","positive","21"
"post_00522","2025-06-11","YouTube","Reel","Synthetic social media update","#learning #community","26954","33917","1732","86","77","11944","55","18","negative","19"
"post_00523","2025-10-14","YouTube","Video","Synthetic social media update","#news #business","28128","63985","1736","223","232","13444","59","20","negative","0"
"post_00524","2025-05-01","X/Twitter","Carousel","Synthetic social media update","#learning #community","8451","12071","260","14","38","11452","8","3","positive","0"
"post_00525","2026-01-02","LinkedIn","Live","Synthetic social media update","#business #news","6195","9996","613","102","50","10024","21","7","positive","9"
"post_00526","2025-01-22","Instagram","Text","Synthetic social media update","#marketing #analytics","17016","28396","698","36","46","10264","22","7","positive","7"
"post_00527","2026-03-24","LinkedIn","Reel","Synthetic social media update","#analytics #community","19486","38340","1487","266","147","10996","53","18","positive","21"
"post_00528","2025-06-01","Instagram","Live","Synthetic social media update","#business #marketing","29824","64696","2803","264","152","11824","92","31","positive","1"
"post_00529","2025-10-01","Instagram","Reel","Synthetic social media update","#community #analytics","28796","53749","1311","83","73","13288","42","14","neutral","2"
"post_00530","2026-03-04","LinkedIn","Reel","Synthetic social media update","#community #business","2010","3449","211","19","26","10756","7","2","negative","14"
"post_00531","2026-03-29","YouTube","Short","Synthetic social media update","#technology #news","3173","4854","318","19","35","11056","10","3","neutral","18"
"post_00532","2025-12-30","LinkedIn","Text","Synthetic social media update","#community #marketing","22190","33494","2128","211","107","14368","70","23","positive","10"
"post_00533","2025-07-17","X/Twitter","Image","Synthetic social media update","#technology #analytics","28476","73592","2028","281","92","12376","69","23","neutral","1"
"post_00534","2025-08-10","X/Twitter","Short","Synthetic social media update","#news #community","3266","5222","185","17","8","12664","6","2","positive","1"
"post_00535","2025-02-03","Facebook","Live","Synthetic social media update","#news #community","10268","13758","353","27","24","10408","11","4","negative","5"
"post_00536","2025-09-14","Instagram","Reel","Synthetic social media update","#technology #marketing","5815","10738","325","24","27","13084","10","3","negative","13"
"post_00537","2025-04-29","Instagram","Text","Synthetic social media update","#marketing #growth","8693","12663","375","19","35","11428","12","4","positive","9"
"post_00538","2025-08-20","YouTube","Live","Synthetic social media update","#technology #analytics","11742","15888","1193","183","87","12784","41","14","positive","21"
"post_00539","2025-05-09","YouTube","Image","Synthetic social media update","#business #news","15339","38299","867","56","127","11548","28","9","negative","18"
"post_00540","2025-02-24","LinkedIn","Text","Synthetic social media update","#business #marketing","24849","45769","885","166","117","10660","32","11","negative","3"
"post_00541","2026-03-27","X/Twitter","Image","Synthetic social media update","#marketing #technology","21352","42205","1126","96","84","11032","37","12","negative","6"
"post_00542","2025-10-07","LinkedIn","Carousel","Synthetic social media update","#learning #community","9010","19419","945","187","132","13360","34","11","neutral","22"
"post_00543","2025-01-05","Instagram","Reel","Synthetic social media update","#growth #analytics","8996","14783","710","102","35","10060","24","8","neutral","7"
"post_00544","2026-03-20","LinkedIn","Live","Synthetic social media update","#business #marketing","27177","35499","1998","148","142","10948","64","21","negative","5"
"post_00545","2025-01-23","LinkedIn","Carousel","Synthetic social media update","#news #learning","5074","9280","247","33","9","10276","8","3","neutral","21"
"post_00546","2025-02-09","Instagram","Image","Synthetic social media update","#learning #growth","5233","9419","499","34","59","10480","16","5","neutral","2"
"post_00547","2025-10-16","Instagram","Image","Synthetic social media update","#technology #business","9603","20488","815","35","62","13468","26","8","positive","17"
"post_00548","2025-11-25","X/Twitter","Short","Synthetic social media update","#technology #business","26669","42787","1222","212","181","13948","43","14","neutral","1"
"post_00549","2025-01-10","Facebook","Text","Synthetic social media update","#analytics #business","7189","16757","729","125","55","10120","26","9","neutral","2"
"post_00550","2025-06-19","Facebook","Live","Synthetic social media update","#growth #business","17741","30201","1828","303","75","12040","64","21","negative","10"
"post_00551","2025-04-09","YouTube","Carousel","Synthetic social media update","#growth #learning","5784","12120","367","33","41","11188","12","4","negative","22"
"post_00552","2026-03-24","YouTube","Carousel","Synthetic social media update","#marketing #growth","3040","3824","101","11","11","10996","3","1","neutral","9"
"post_00553","2026-01-27","X/Twitter","Reel","Synthetic social media update","#analytics #learning","11449","28080","516","85","68","10324","18","6","neutral","23"
"post_00554","2025-07-07","X/Twitter","Reel","Synthetic social media update","#community #learning","24975","39235","2312","166","364","12256","74","25","negative","19"
"post_00555","2025-09-20","Instagram","Text","Synthetic social media update","#community #business","3952","9805","154","10","15","13156","5","2","negative","12"
"post_00556","2025-08-05","Instagram","Image","Synthetic social media update","#learning #analytics","18216","30959","1338","202","181","12604","46","15","negative","23"
"post_00557","2025-10-16","Facebook","Short","Synthetic social media update","#community #marketing","16582","32878","807","124","83","13468","28","9","negative","6"
"post_00558","2026-01-19","Facebook","Carousel","Synthetic social media update","#analytics #marketing","24989","46771","2077","404","248","10228","74","25","positive","5"
"post_00559","2025-01-21","YouTube","Live","Synthetic social media update","#growth #learning","15407","23688","734","113","79","10252","25","8","neutral","6"
"post_00560","2025-02-10","YouTube","Text","Synthetic social media update","#analytics #business","5682","9380","188","21","7","10492","6","2","positive","20"
"post_00561","2025-07-02","Facebook","Live","Synthetic social media update","#business #community","21125","29137","665","118","89","12196","23","8","neutral","22"
"post_00562","2025-09-20","Instagram","Carousel","Synthetic social media update","#technology #news","27997","40282","1628","241","128","13156","56","19","positive","7"
"post_00563","2025-08-27","Instagram","Carousel","Synthetic social media update","#growth #analytics","6763","8910","449","78","16","12868","16","5","positive","18"
"post_00564","2025-04-02","LinkedIn","Carousel","Synthetic social media update","#growth #technology","25592","54524","1711","162","104","11104","56","19","neutral","11"
"post_00565","2025-06-14","LinkedIn","Reel","Synthetic social media update","#community #learning","21502","36552","788","39","77","11980","25","8","positive","19"
"post_00566","2025-06-15","Instagram","Live","Synthetic social media update","#news #growth","10973","19744","584","49","68","11992","19","6","positive","5"
"post_00567","2025-03-26","LinkedIn","Text","Synthetic social media update","#learning #analytics","22117","34560","1809","258","224","11020","62","21","neutral","11"
"post_00568","2025-01-05","Facebook","Text","Synthetic social media update","#analytics #community","28735","57365","2273","325","70","10060","78","26","negative","2"
"post_00569","2025-06-30","YouTube","Text","Synthetic social media update","#technology #marketing","13323","20969","523","26","40","12172","16","5","positive","13"
"post_00570","2025-03-29","X/Twitter","Short","Synthetic social media update","#business #growth","9467","19087","695","50","33","11056","22","7","neutral","1"
"post_00571","2025-07-20","YouTube","Video","Synthetic social media update","#community #business","24186","30673","2519","252","133","12412","83","28","negative","17"
"post_00572","2025-10-22","YouTube","Image","Synthetic social media update","#technology #learning","25430","63062","2534","155","221","13540","81","27","positive","14"
"post_00573","2025-09-24","YouTube","Reel","Synthetic social media update","#analytics #community","9078","15983","515","72","35","13204","18","6","negative","9"
"post_00574","2025-07-09","Facebook","Carousel","Synthetic social media update","#learning #community","20583","38377","718","35","96","12280","23","8","neutral","11"
"post_00575","2025-12-03","LinkedIn","Carousel","Synthetic social media update","#technology #business","27398","55216","2854","379","270","14044","97","32","neutral","10"
"post_00576","2025-07-07","X/Twitter","Video","Synthetic social media update","#technology #analytics","14758","30281","628","114","64","12256","22","7","negative","11"
"post_00577","2025-05-16","Instagram","Short","Synthetic social media update","#analytics #news","10116","21161","413","72","44","11632","15","5","neutral","18"
"post_00578","2026-01-06","YouTube","Live","Synthetic social media update","#analytics #marketing","26296","60668","2258","442","337","10072","81","27","neutral","8"
"post_00579","2025-12-10","Instagram","Text","Synthetic social media update","#growth #analytics","1047","1307","86","8","8","14128","3","1","negative","12"
"post_00580","2025-03-23","Facebook","Video","Synthetic social media update","#learning #analytics","6792","10267","558","32","66","10984","18","6","positive","18"
"post_00581","2025-02-08","LinkedIn","Live","Synthetic social media update","#news #community","18631","24912","676","113","91","10468","24","8","negative","18"
"post_00582","2025-03-25","LinkedIn","Short","Synthetic social media update","#community #technology","21620","45131","937","95","125","11008","31","10","positive","15"
"post_00583","2026-01-17","YouTube","Reel","Synthetic social media update","#community #marketing","18490","27786","1018","64","157","10204","32","11","positive","5"
"post_00584","2025-09-24","YouTube","Text","Synthetic social media update","#marketing #learning","8763","15069","797","67","117","13204","26","9","positive","22"
"post_00585","2026-01-28","Facebook","Carousel","Synthetic social media update","#technology #marketing","10699","17303","502","79","76","10336","17","6","positive","0"
"post_00586","2025-05-02","YouTube","Image","Synthetic social media update","#marketing #learning","28171","41613","2406","265","304","11464","80","27","neutral","7"
"post_00587","2026-03-02","LinkedIn","Text","Synthetic social media update","#marketing #analytics","6502","16806","656","55","84","10732","21","7","negative","22"
"post_00588","2026-02-12","Facebook","Carousel","Synthetic social media update","#marketing #news","24079","55334","1380","64","94","10516","43","14","negative","9"
"post_00589","2025-09-21","YouTube","Text","Synthetic social media update","#business #learning","28636","37515","1476","120","69","13168","48","16","positive","13"
"post_00590","2025-05-28","Facebook","Text","Synthetic social media update","#business #news","29646","38434","942","175","87","11776","34","11","positive","10"
"post_00591","2026-03-04","LinkedIn","Live","Synthetic social media update","#learning #technology","5016","11420","466","85","34","10756","17","6","neutral","14"
"post_00592","2025-10-25","Instagram","Live","Synthetic social media update","#growth #technology","21769","54300","1917","133","157","13576","62","20","negative","22"
"post_00593","2025-10-13","Instagram","Text","Synthetic social media update","#business #analytics","19126","42307","1130","186","85","13432","39","13","neutral","18"
"post_00594","2025-07-14","Facebook","Video","Synthetic social media update","#marketing #analytics","14128","17837","1097","90","77","12340","36","12","neutral","4"
"post_00595","2025-06-21","LinkedIn","Carousel","Synthetic social media update","#technology #news","27708","47213","1228","162","180","12064","42","14","neutral","6"
"post_00596","2026-01-18","Facebook","Reel","Synthetic social media update","#growth #community","24821","54959","2323","209","230","10216","76","25","positive","18"
"post_00597","2025-01-05","Facebook","Text","Synthetic social media update","#analytics #technology","5853","9922","219","41","24","10060","8","3","negative","2"
"post_00598","2025-07-29","LinkedIn","Carousel","Synthetic social media update","#business #technology","16773","31701","1443","239","79","12520","50","17","negative","10"
"post_00599","2025-12-25","LinkedIn","Live","Synthetic social media update","#analytics #news","28088","53907","2899","121","116","14308","91","30","neutral","15"
"post_00600","2025-05-10","X/Twitter","Text","Synthetic social media update","#analytics #growth","5569","9145","538","49","42","11560","18","6","positive","19"
"post_00601","2025-04-29","LinkedIn","Reel","Synthetic social media update","#marketing #business","24245","49612","2598","169","346","11428","83","28","positive","2"
"post_00602","2025-01-05","Instagram","Image","Synthetic social media update","#news #marketing","29612","38075","1200","155","59","10060","41","14","positive","6"
"post_00603","2025-02-06","LinkedIn","Image","Synthetic social media update","#technology #news","25277","51562","2225","193","92","10444","73","24","negative","17"
"post_00604","2025-06-22","Facebook","Live","Synthetic social media update","#marketing #analytics","6397","13581","619","58","79","12076","20","7","neutral","23"
"post_00605","2025-12-11","YouTube","Reel","Synthetic social media update","#community #marketing","19763","31540","848","129","59","14140","29","10","neutral","0"
"post_00606","2025-05-06","Instagram","Carousel","Synthetic social media update","#learning #business","22682","39980","1439","252","202","11512","51","17","positive","1"
"post_00607","2025-11-03","Instagram","Video","Synthetic social media update","#analytics #learning","22490","29893","1738","139","137","13684","56","19","negative","3"
"post_00608","2025-12-30","LinkedIn","Reel","Synthetic social media update","#news #analytics","15324","19438","1519","151","187","14368","50","17","positive","16"
"post_00609","2025-01-13","LinkedIn","Short","Synthetic social media update","#technology #community","13656","33905","635","37","86","10156","20","7","neutral","18"
"post_00610","2026-03-27","Facebook","Carousel","Synthetic social media update","#business #news","9604","20284","816","36","86","11032","26","9","neutral","1"
"post_00611","2026-02-19","YouTube","Video","Synthetic social media update","#news #learning","7599","15180","513","77","29","10600","18","6","positive","21"
"post_00612","2025-01-23","Instagram","Short","Synthetic social media update","#marketing #business","2385","4385","202","17","22","10276","7","2","negative","12"
"post_00613","2025-08-04","Facebook","Reel","Synthetic social media update","#news #technology","5688","13157","314","36","46","12592","10","4","positive","19"
"post_00614","2026-01-18","X/Twitter","Image","Synthetic social media update","#learning #growth","23163","39026","2001","328","235","10216","70","23","negative","23"
"post_00615","2025-08-25","LinkedIn","Video","Synthetic social media update","#community #news","21858","42617","2158","323","239","12844","74","25","positive","14"
"post_00616","2025-07-11","Facebook","Image","Synthetic social media update","#news #technology","17852","45659","1209","216","176","12304","43","14","positive","21"
"post_00617","2025-01-04","X/Twitter","Carousel","Synthetic social media update","#learning #growth","2229","5676","113","6","15","10048","4","1","negative","8"
"post_00618","2026-02-19","Facebook","Video","Synthetic social media update","#analytics #growth","1424","2915","108","8","9","10600","3","1","neutral","7"
"post_00619","2025-10-14","LinkedIn","Carousel","Synthetic social media update","#analytics #community","12210","21694","794","116","122","13444","27","9","positive","7"
"post_00620","2026-01-17","LinkedIn","Text","Synthetic social media update","#marketing #technology","28854","74633","2568","304","236","10204","86","29","neutral","11"
"post_00621","2025-12-27","LinkedIn","Text","Synthetic social media update","#growth #marketing","21292","28598","2044","124","230","14332","65","22","positive","0"
"post_00622","2025-05-04","Facebook","Video","Synthetic social media update","#growth #learning","9220","15925","401","43","24","11488","13","4","negative","14"
"post_00623","2025-09-28","Instagram","Carousel","Synthetic social media update","#growth #community","15637","30307","500","91","70","13252","18","6","negative","6"
"post_00624","2025-02-06","X/Twitter","Reel","Synthetic social media update","#learning #growth","15793","29662","1425","98","75","10444","46","15","positive","13"
"post_00625","2025-05-21","Instagram","Short","Synthetic social media update","#learning #business","1607","2265","99","14","3","11692","3","1","neutral","18"
"post_00626","2025-05-28","YouTube","Image","Synthetic social media update","#news #technology","26097","56441","2187","256","347","11776","73","24","neutral","16"
"post_00627","2026-03-01","YouTube","Image","Synthetic social media update","#growth #business","27991","39747","2067","85","99","10720","65","22","negative","12"
"post_00628","2026-03-27","YouTube","Short","Synthetic social media update","#learning #news","9575","20178","720","61","115","11032","23","8","negative","2"
"post_00629","2025-07-12","LinkedIn","Text","Synthetic social media update","#marketing #learning","28666","45628","2750","384","100","12316","94","31","negative","20"
"post_00630","2025-05-03","Instagram","Reel","Synthetic social media update","#learning #news","19264","35786","609","114","20","11476","22","7","negative","11"
"post_00631","2025-06-27","Facebook","Live","Synthetic social media update","#analytics #business","24255","32173","893","108","60","12136","30","10","neutral","7"
"post_00632","2025-06-30","Facebook","Carousel","Synthetic social media update","#news #marketing","8319","20126","299","41","23","12172","10","3","neutral","2"
"post_00633","2026-02-25","LinkedIn","Live","Synthetic social media update","#growth #business","8568","12501","806","129","122","10672","28","9","positive","6"
"post_00634","2025-10-21","YouTube","Reel","Synthetic social media update","#business #learning","21847","54776","2329","458","92","13528","84","28","positive","20"
"post_00635","2025-05-24","YouTube","Live","Synthetic social media update","#technology #news","13786","27300","1276","224","189","11728","45","15","negative","13"
"post_00636","2025-07-12","Facebook","Video","Synthetic social media update","#marketing #business","16905","28748","1088","149","112","12316","37","12","neutral","0"
"post_00637","2025-06-02","Facebook","Image","Synthetic social media update","#community #business","20002","48106","826","160","43","11836","30","10","negative","7"
"post_00638","2025-02-12","Facebook","Reel","Synthetic social media update","#analytics #technology","23964","58228","1843","74","266","10516","58","19","positive","11"
"post_00639","2026-03-11","LinkedIn","Carousel","Synthetic social media update","#technology #growth","25721","53432","973","56","50","10840","31","10","neutral","6"
"post_00640","2025-06-09","Facebook","Short","Synthetic social media update","#community #business","16476","27252","1474","115","72","11920","48","16","negative","7"
"post_00641","2026-01-08","X/Twitter","Image","Synthetic social media update","#learning #marketing","14391","28776","1466","84","72","10096","46","16","positive","23"
"post_00642","2025-07-14","X/Twitter","Text","Synthetic social media update","#news #learning","2341","5963","163","11","15","12340","5","2","negative","13"
"post_00643","2025-01-16","LinkedIn","Reel","Synthetic social media update","#learning #marketing","28353","52613","2376","403","228","10192","83","28","neutral","1"
"post_00644","2025-06-08","LinkedIn","Reel","Synthetic social media update","#community #analytics","20157","28913","1049","175","48","11908","37","12","neutral","22"
"post_00645","2026-03-27","LinkedIn","Text","Synthetic social media update","#business #growth","25970","63398","2076","329","288","11032","72","24","neutral","0"
"post_00646","2025-09-09","X/Twitter","Video","Synthetic social media update","#marketing #business","8718","14360","273","17","25","13024","9","3","negative","18"
"post_00647","2025-02-10","X/Twitter","Text","Synthetic social media update","#business #news","18800","28294","1420","96","61","10492","45","15","neutral","18"
"post_00648","2025-11-16","Instagram","Carousel","Synthetic social media update","#growth #analytics","17431","38257","625","46","90","13840","20","7","positive","7"
"post_00649","2026-02-28","LinkedIn","Text","Synthetic social media update","#learning #growth","15362","25152","1176","175","156","10708","41","14","neutral","15"
"post_00650","2025-03-04","YouTube","Short","Synthetic social media update","#community #analytics","26054","33115","1594","136","62","10756","52","17","neutral","6"
"post_00651","2025-07-25","X/Twitter","Text","Synthetic social media update","#marketing #community","10811","16008","740","84","39","12472","25","8","positive","4"
"post_00652","2026-01-02","YouTube","Short","Synthetic social media update","#learning #community","25879","32055","1020","201","64","10024","37","12","positive","0"
"post_00653","2026-02-10","YouTube","Short","Synthetic social media update","#analytics #growth","19371","27168","1177","99","177","10492","38","13","neutral","4"
"post_00654","2025-12-26","Instagram","Short","Synthetic social media update","#learning #news","26167","34715","1395","135","133","14320","46","15","neutral","0"
"post_00655","2025-02-23","Facebook","Text","Synthetic social media update","#technology #news","25317","48823","2531","324","339","10648","86","29","positive","17"
"post_00656","2025-07-06","Instagram","Image","Synthetic social media update","#news #analytics","12602","23634","445","78","16","12244","16","5","positive","22"
"post_00657","2025-04-04","Facebook","Image","Synthetic social media update","#business #news","12658","17537","1050","115","79","11128","35","12","positive","13"
"post_00658","2025-12-14","Facebook","Video","Synthetic social media update","#analytics #learning","27506","61327","1674","281","196","14176","59","20","positive","18"
"post_00659","2026-01-15","Facebook","Carousel","Synthetic social media update","#technology #marketing","23263","28531","2109","119","284","10180","67","22","neutral","19"
"post_00660","2025-07-20","YouTube","Image","Synthetic social media update","#analytics #growth","24458","53913","1869","218","193","12412","63","21","positive","4"
"post_00661","2025-07-19","YouTube","Text","Synthetic social media update","#news #analytics","29471","39674","3083","554","103","12400","109","36","negative","0"
"post_00662","2025-05-02","Instagram","Carousel","Synthetic social media update","#growth #marketing","4486","6991","397","24","44","11464","13","4","negative","15"
"post_00663","2025-09-11","X/Twitter","Carousel","Synthetic social media update","#growth #community","4628","6873","308","35","10","13048","10","3","positive","8"
"post_00664","2026-02-17","YouTube","Live","Synthetic social media update","#business #community","10323","18408","830","141","74","10576","29","10","neutral","20"
"post_00665","2026-02-07","Instagram","Text","Synthetic social media update","#news #community","16498","20176","839","168","58","10456","30","10","positive","1"
"post_00666","2025-07-23","LinkedIn","Carousel","Synthetic social media update","#growth #news","18939","44705","1791","323","132","12448","63","21","positive","12"
"post_00667","2025-08-06","LinkedIn","Short","Synthetic social media update","#analytics #business","4119","7261","134","10","17","12616","4","1","negative","11"
"post_00668","2026-02-23","X/Twitter","Video","Synthetic social media update","#marketing #community","23018","53276","1578","297","114","10648","56","19","neutral","20"
"post_00669","2025-07-28","Instagram","Image","Synthetic social media update","#analytics #growth","26689","67152","923","174","133","12508","33","11","positive","12"
"post_00670","2025-12-10","Facebook","Text","Synthetic social media update","#technology #growth","11361","27897","371","30","56","14128","12","4","negative","12"
"post_00671","2025-01-15","YouTube","Live","Synthetic social media update","#learning #technology","5605","9193","512","73","74","10180","18","6","neutral","3"
"post_00672","2026-02-04","Facebook","Reel","Synthetic social media update","#business #growth","2954","7205","165","29","20","10420","6","2","negative","1"
"post_00673","2025-02-17","YouTube","Short","Synthetic social media update","#learning #news","22361","28821","1467","73","105","10576","46","15","negative","17"
"post_00674","2025-04-15","LinkedIn","Carousel","Synthetic social media update","#business #community","25114","64104","1176","96","109","11260","38","13","positive","2"
"post_00675","2025-07-11","Instagram","Reel","Synthetic social media update","#community #analytics","19427","45719","896","170","103","12304","32","11","negative","0"
"post_00676","2025-03-27","Facebook","Image","Synthetic social media update","#marketing #learning","12525","28871","1061","117","33","11032","35","12","negative","17"
"post_00677","2025-11-18","YouTube","Short","Synthetic social media update","#learning #business","27303","37848","2747","165","170","13864","87","29","neutral","20"
"post_00678","2025-01-28","YouTube","Short","Synthetic social media update","#growth #analytics","19257","29905","675","112","21","10336","24","8","negative","12"
"post_00679","2025-08-20","Facebook","Reel","Synthetic social media update","#analytics #growth","16605","40770","1396","268","147","12784","50","17","positive","3"
"post_00680","2025-12-19","YouTube","Text","Synthetic social media update","#community #business","12990","31891","499","37","78","14236","16","5","positive","18"
"post_00681","2025-02-04","X/Twitter","Reel","Synthetic social media update","#news #business","29274","44029","2805","481","187","10420","99","33","negative","8"
"post_00682","2026-02-14","Facebook","Short","Synthetic social media update","#analytics #growth","6921","8792","376","64","50","10540","13","4","positive","5"
"post_00683","2026-03-01","Facebook","Carousel","Synthetic social media update","#learning #growth","3409","5769","323","48","30","10720","11","4","negative","12"
"post_00684","2026-01-20","LinkedIn","Image","Synthetic social media update","#marketing #community","14301","18213","1366","246","135","10240","48","16","neutral","17"
"post_00685","2026-01-25","X/Twitter","Carousel","Synthetic social media update","#technology #learning","8192","10384","472","56","41","10300","16","5","neutral","2"
"post_00686","2025-05-11","Facebook","Live","Synthetic social media update","#learning #analytics","24787","60415","1797","170","180","11572","59","20","neutral","3"
"post_00687","2025-03-09","YouTube","Live","Synthetic social media update","#news #marketing","15171","35106","566","51","36","10816","19","6","negative","9"
"post_00688","2025-07-14","YouTube","Short","Synthetic social media update","#analytics #growth","11901","26567","608","42","80","12340","20","6","neutral","17"
"post_00689","2025-05-23","YouTube","Reel","Synthetic social media update","#business #growth","7906","17003","505","91","44","11716","18","6","positive","22"
"post_00690","2025-08-05","YouTube","Text","Synthetic social media update","#analytics #community","17453","22751","1242","197","146","12604","43","14","negative","3"
"post_00691","2025-01-13","YouTube","Text","Synthetic social media update","#technology #learning","20776","33351","2284","340","244","10156","79","26","neutral","13"
"post_00692","2025-06-08","Facebook","Short","Synthetic social media update","#technology #analytics","25688","47162","2641","490","315","11908","94","31","positive","1"
"post_00693","2025-04-06","LinkedIn","Text","Synthetic social media update","#business #learning","27343","62186","1015","145","143","11152","35","12","negative","20"
"post_00694","2025-08-27","Facebook","Text","Synthetic social media update","#marketing #business","21643","42960","782","106","102","12868","27","9","neutral","5"
"post_00695","2025-12-05","YouTube","Video","Synthetic social media update","#technology #learning","17775","22216","1842","232","175","14068","62","21","positive","15"
"post_00696","2025-10-03","Instagram","Video","Synthetic social media update","#business #learning","28461","64220","1204","175","157","13312","41","14","positive","14"
"post_00697","2025-06-12","LinkedIn","Short","Synthetic social media update","#growth #business","1903","3439","185","32","11","11956","7","2","neutral","18"
"post_00698","2025-05-23","Instagram","Image","Synthetic social media update","#community #growth","10361","16636","1073","166","96","11716","37","12","positive","23"
"post_00699","2025-09-09","Instagram","Short","Synthetic social media update","#analytics #marketing","8395","17525","570","50","69","13024","19","6","positive","13"
"post_00700","2025-07-09","LinkedIn","Image","Synthetic social media update","#growth #learning","26558","35276","2751","315","343","12280","92","31","negative","17"
"post_00701","2025-02-04","YouTube","Image","Synthetic social media update","#community #analytics","11005","23764","741","139","22","10420","26","9","positive","0"
"post_00702","2025-07-19","YouTube","Reel","Synthetic social media update","#learning #news","2176","3139","103","4","13","12400","3","1","negative","13"
"post_00703","2025-09-04","Instagram","Text","Synthetic social media update","#business #analytics","11381","18973","785","47","40","12964","25","8","negative","9"
"post_00704","2025-07-25","LinkedIn","Carousel","Synthetic social media update","#growth #learning","27431","62294","1343","69","138","12472","42","14","neutral","18"
"post_00705","2025-09-07","YouTube","Image","Synthetic social media update","#learning #marketing","4488","11210","211","20","13","13000","7","2","neutral","15"
"post_00706","2026-02-22","X/Twitter","Reel","Synthetic social media update","#news #analytics","6756","16646","708","111","39","10636","25","8","neutral","20"
"post_00707","2025-06-05","X/Twitter","Text","Synthetic social media update","#analytics #technology","17694","42423","1166","203","177","11872","41","14","positive","19"
"post_00708","2025-03-08","Facebook","Live","Synthetic social media update","#learning #technology","1289","2910","64","4","10","10804","2","1","neutral","3"
"post_00709","2025-03-07","LinkedIn","Video","Synthetic social media update","#business #analytics","15110","25543","1299","142","179","10792","43","14","negative","23"
"post_00710","2025-08-20","LinkedIn","Text","Synthetic social media update","#technology #news","13934","17311","1289","181","162","12784","44","15","negative","16"
"post_00711","2025-06-19","Facebook","Carousel","Synthetic social media update","#business #learning","15991","30914","1085","183","56","12040","38","13","positive","22"
"post_00712","2026-01-06","X/Twitter","Reel","Synthetic social media update","#analytics #business","21678","50157","1457","183","233","10072","49","16","negative","21"
"post_00713","2025-01-07","Instagram","Text","Synthetic social media update","#news #analytics","9557","24033","490","81","17","10084","17","6","negative","5"
"post_00714","2025-10-11","YouTube","Live","Synthetic social media update","#analytics #growth","23399","33110","2080","245","92","13408","70","23","positive","0"
"post_00715","2026-02-12","YouTube","Carousel","Synthetic social media update","#technology #community","5692","8377","517","57","76","10516","17","6","neutral","23"
"post_00716","2025-04-23","X/Twitter","Live","Synthetic social media update","#technology #learning","20025","47255","1182","203","114","11356","42","14","positive","6"
"post_00717","2025-11-09","X/Twitter","Video","Synthetic social media update","#marketing #growth","10490","27057","674","113","51","13756","24","8","positive","23"
"post_00718","2026-03-22","Facebook","Short","Synthetic social media update","#news #growth","29408","64849","2649","404","142","10972","92","31","negative","12"
"post_00719","2026-01-10","LinkedIn","Short","Synthetic social media update","#growth #community","29482","53052","3228","359","431","10120","108","36","negative","9"
"post_00720","2026-02-19","LinkedIn","Video","Synthetic social media update","#growth #community","10457","13620","426","19","13","10600","13","4","negative","17"
"post_00721","2026-03-15","Instagram","Live","Synthetic social media update","#analytics #business","1027","1484","98","16","5","10888","3","1","positive","21"
"post_00722","2025-10-27","X/Twitter","Short","Synthetic social media update","#growth #learning","13429","21997","1263","235","83","13600","45","15","positive","8"
"post_00723","2026-03-24","Instagram","Live","Synthetic social media update","#business #technology","2927","5382","90","6","14","10996","3","1","neutral","20"
"post_00724","2025-11-23","X/Twitter","Image","Synthetic social media update","#business #news","17528","44520","1551","303","174","13924","56","19","negative","3"
"post_00725","2025-04-05","YouTube","Text","Synthetic social media update","#analytics #marketing","22765","42427","1171","80","185","11140","38","13","neutral","12"
"post_00726","2025-04-11","X/Twitter","Text","Synthetic social media update","#learning #community","22739","32081","2436","163","180","11212","78","26","negative","23"
"post_00727","2025-11-03","LinkedIn","Text","Synthetic social media update","#learning #community","6453","14287","693","87","94","13684","23","8","positive","16"
"post_00728","2026-01-12","YouTube","Carousel","Synthetic social media update","#news #growth","4620","10880","397","40","33","10144","13","4","positive","19"
"post_00729","2026-01-13","Instagram","Reel","Synthetic social media update","#analytics #news","19089","29183","2032","404","159","10156","73","24","negative","14"
"post_00730","2025-09-14","X/Twitter","Reel","Synthetic social media update","#learning #community","15172","25323","897","120","61","13084","31","10","negative","18"
"post_00731","2025-12-01","YouTube","Video","Synthetic social media update","#growth #learning","21243","43778","2231","248","226","14020","74","25","negative","1"
"post_00732","2025-09-24","X/Twitter","Reel","Synthetic social media update","#technology #analytics","5744","12572","408","41","53","13204","13","4","neutral","5"
"post_00733","2026-03-19","Instagram","Text","Synthetic social media update","#business #learning","4904","10430","223","38","17","10936","8","3","positive","18"
"post_00734","2025-02-22","Instagram","Image","Synthetic social media update","#learning #analytics","2815","4294","188","35","23","10636","7","2","positive","16"
"post_00735","2025-08-20","Facebook","Short","Synthetic social media update","#business #learning","1605","3724","150","9","7","12784","5","2","positive","23"
"post_00736","2026-03-26","LinkedIn","Text","Synthetic social media update","#learning #marketing","24502","51411","1858","310","90","11020","65","22","positive","12"
"post_00737","2025-03-03","Instagram","Live","Synthetic social media update","#marketing #news","28163","45221","1968","299","180","10744","68","23","negative","16"
"post_00738","2025-10-06","X/Twitter","Reel","Synthetic social media update","#community #business","21953","29336","1584","167","128","13348","53","18","positive","8"
"post_00739","2025-02-03","X/Twitter","Reel","Synthetic social media update","#community #learning","23430","35691","1272","153","197","10408","43","14","negative","11"
"post_00740","2025-11-01","X/Twitter","Image","Synthetic social media update","#analytics #learning","16966","26217","1073","139","158","13660","36","12","negative","12"
"post_00741","2025-02-13","X/Twitter","Short","Synthetic social media update","#technology #learning","11548","20004","624","52","65","10528","20","7","positive","6"
"post_00742","2025-03-17","Facebook","Image","Synthetic social media update","#technology #growth","13476","17698","900","114","50","10912","30","10","positive","15"
"post_00743","2026-03-30","X/Twitter","Video","Synthetic social media update","#business #growth","1952","3627","192","27","26","11068","7","2","negative","7"
"post_00744","2026-03-16","Facebook","Video","Synthetic social media update","#community #marketing","8021","13240","514","89","46","10900","18","6","neutral","11"
"post_00745","2025-01-15","LinkedIn","Text","Synthetic social media update","#community #growth","10394","16809","535","82","68","10180","19","6","negative","2"
"post_00746","2026-02-01","YouTube","Short","Synthetic social media update","#learning #community","16240","20978","953","100","33","10384","32","11","neutral","12"
"post_00747","2025-10-29","Facebook","Image","Synthetic social media update","#community #news","10174","13084","842","68","77","13624","27","9","positive","0"
"post_00748","2025-10-11","Instagram","Live","Synthetic social media update","#learning #news","18404","34357","642","42","44","13408","21","7","neutral","18"
"post_00749","2025-03-07","LinkedIn","Reel","Synthetic social media update","#learning #technology","13610","17271","1069","160","106","10792","37","12","neutral","21"
"post_00750","2025-01-10","X/Twitter","Carousel","Synthetic social media update","#learning #analytics","24501","51056","1859","324","179","10120","65","22","negative","15"
"post_00751","2025-01-06","YouTube","Text","Synthetic social media update","#marketing #learning","14559","17748","1348","158","78","10072","45","15","positive","11"
"post_00752","2025-04-03","Instagram","Reel","Synthetic social media update","#learning #marketing","11538","24154","1057","202","130","11116","38","13","positive","17"
"post_00753","2026-03-19","X/Twitter","Carousel","Synthetic social media update","#learning #growth","29536","68416","2832","432","109","10936","98","33","positive","0"
"post_00754","2025-04-11","X/Twitter","Text","Synthetic social media update","#growth #business","22820","56515","2335","171","137","11212","75","25","negative","15"
"post_00755","2025-02-26","Facebook","Reel","Synthetic social media update","#learning #analytics","20715","37925","2126","166","88","10684","69","23","neutral","0"
"post_00756","2025-10-13","Instagram","Live","Synthetic social media update","#marketing #learning","21090","34460","1119","191","107","13432","39","13","negative","15"
"post_00757","2025-02-06","Facebook","Carousel","Synthetic social media update","#marketing #news","8092","15922","605","68","77","10444","20","7","negative","11"
"post_00758","2025-09-13","X/Twitter","Short","Synthetic social media update","#community #analytics","17971","34092","1254","92","174","13072","40","13","negative","1"
"post_00759","2025-09-24","X/Twitter","Text","Synthetic social media update","#analytics #learning","12587","17193","473","77","60","13204","16","6","negative","11"
"post_00760","2025-02-08","X/Twitter","Live","Synthetic social media update","#growth #technology","17604","29506","1523","76","151","10468","48","16","positive","2"
"post_00761","2025-07-28","Facebook","Reel","Synthetic social media update","#business #learning","14839","24794","1515","138","220","12508","50","17","negative","4"
"post_00762","2025-02-07","LinkedIn","Image","Synthetic social media update","#technology #learning","2692","5443","181","31","21","10456","6","2","positive","3"
"post_00763","2025-12-24","X/Twitter","Text","Synthetic social media update","#community #marketing","11836","21048","1170","200","117","14296","41","14","positive","21"
"post_00764","2025-07-18","X/Twitter","Reel","Synthetic social media update","#community #analytics","18942","30166","717","38","80","12388","23","8","neutral","11"
"post_00765","2025-12-19","LinkedIn","Carousel","Synthetic social media update","#technology #analytics","12090","18053","463","70","55","14236","16","5","negative","2"
"post_00766","2026-02-15","Facebook","Live","Synthetic social media update","#analytics #business","10676","22044","960","170","86","10552","34","11","positive","14"
"post_00767","2025-02-08","X/Twitter","Reel","Synthetic social media update","#community #business","22987","47371","1437","169","161","10468","48","16","neutral","23"
"post_00768","2025-06-26","Instagram","Carousel","Synthetic social media update","#growth #analytics","11890","25947","1213","108","148","12124","40","13","positive","6"
"post_00769","2025-03-18","Instagram","Carousel","Synthetic social media update","#analytics #technology","29324","36986","960","151","67","10924","33","11","positive","20"
"post_00770","2025-04-21","X/Twitter","Image","Synthetic social media update","#learning #growth","12994","18594","1418","151","217","11332","47","16","neutral","23"
"post_00771","2025-10-09","Instagram","Image","Synthetic social media update","#technology #growth","21926","51328","1920","85","271","13384","60","20","positive","10"
"post_00772","2025-07-22","Instagram","Short","Synthetic social media update","#analytics #business","14013","26249","1479","168","77","12436","49","16","neutral","17"
"post_00773","2025-11-04","Instagram","Text","Synthetic social media update","#growth #news","21839","46850","1990","136","244","13696","64","21","negative","9"
"post_00774","2025-08-10","YouTube","Reel","Synthetic social media update","#community #marketing","19888","40100","764","40","31","12664","24","8","negative","6"
"post_00775","2025-01-04","LinkedIn","Reel","Synthetic social media update","#marketing #technology","13346","20038","501","90","58","10048","18","6","neutral","11"
"post_00776","2025-08-30","YouTube","Reel","Synthetic social media update","#learning #news","9704","18851","633","73","45","12904","21","7","neutral","22"
"post_00777","2025-09-04","YouTube","Video","Synthetic social media update","#news #analytics","28447","61871","1051","144","35","12964","36","12","neutral","8"
"post_00778","2026-01-29","YouTube","Text","Synthetic social media update","#growth #analytics","21780","35866","2047","307","321","10348","71","24","positive","14"
"post_00779","2026-02-11","Facebook","Reel","Synthetic social media update","#business #marketing","25785","46311","1273","232","55","10504","45","15","positive","5"
"post_00780","2025-10-14","X/Twitter","Reel","Synthetic social media update","#news #learning","21733","46281","1858","281","71","13444","64","21","neutral","8"
"post_00781","2025-08-11","LinkedIn","Live","Synthetic social media update","#technology #community","18513","40987","780","114","48","12676","27","9","negative","12"
"post_00782","2025-12-09","Facebook","Live","Synthetic social media update","#analytics #growth","2852","5715","90","15","14","14116","3","1","negative","16"
"post_00783","2025-03-30","Facebook","Text","Synthetic social media update","#marketing #growth","21679","41463","828","143","128","11068","29","10","neutral","0"
"post_00784","2025-02-17","X/Twitter","Carousel","Synthetic social media update","#news #marketing","4895","10000","167","22","19","10576","6","2","negative","16"
"post_00785","2025-09-22","X/Twitter","Carousel","Synthetic social media update","#growth #learning","14296","28394","580","94","66","13180","20","7","negative","16"
"post_00786","2026-02-03","X/Twitter","Reel","Synthetic social media update","#growth #community","5165","7347","563","44","52","10408","18","6","negative","12"
"post_00787","2025-05-26","X/Twitter","Short","Synthetic social media update","#learning #analytics","12494","28491","503","35","16","11752","16","5","negative","0"
"post_00788","2025-07-29","Instagram","Carousel","Synthetic social media update","#marketing #technology","4544","5622","335","20","39","12520","11","4","negative","13"
"post_00789","2025-06-03","Instagram","Carousel","Synthetic social media update","#growth #marketing","5239","12422","317","20","24","11848","10","3","negative","3"
"post_00790","2026-01-03","Instagram","Reel","Synthetic social media update","#growth #business","12145","23568","1222","228","144","10036","44","14","positive","7"
"post_00791","2026-03-07","X/Twitter","Live","Synthetic social media update","#community #learning","7786","18469","661","63","73","10792","22","7","neutral","14"
"post_00792","2026-01-29","Facebook","Reel","Synthetic social media update","#analytics #learning","5751","11370","231","20","35","10348","8","3","neutral","0"
"post_00793","2026-03-28","LinkedIn","Video","Synthetic social media update","#news #learning","6948","13071","417","65","27","11044","14","5","neutral","5"
"post_00794","2025-10-14","Facebook","Video","Synthetic social media update","#community #growth","19394","39044","1496","137","210","13444","49","16","negative","11"
"post_00795","2025-01-16","Facebook","Reel","Synthetic social media update","#learning #technology","9124","22917","450","64","65","10192","15","5","positive","6"
"post_00796","2025-09-22","LinkedIn","Image","Synthetic social media update","#community #technology","10821","18182","424","55","26","13180","14","5","neutral","20"
"post_00797","2026-03-14","Instagram","Image","Synthetic social media update","#news #marketing","29060","73259","1847","198","236","10876","61","20","neutral","13"
"post_00798","2026-01-02","Facebook","Carousel","Synthetic social media update","#business #marketing","29446","49593","1997","181","304","10024","65","22","positive","23"
"post_00799","2025-12-02","LinkedIn","Carousel","Synthetic social media update","#technology #learning","20098","34177","1619","149","182","14032","53","18","positive","12"
"post_00800","2025-01-11","Instagram","Reel","Synthetic social media update","#community #news","15503","24491","1649","168","246","10132","55","18","negative","20"
"post_00801","2026-01-10","LinkedIn","Live","Synthetic social media update","#growth #marketing","14065","27395","568","83","19","10120","20","7","neutral","20"
"post_00802","2025-12-30","X/Twitter","Live","Synthetic social media update","#community #technology","4542","11421","181","29","27","14368","6","2","neutral","8"
"post_00803","2025-02-13","X/Twitter","Carousel","Synthetic social media update","#learning #business","17020","34584","1502","287","165","10528","54","18","neutral","0"
"post_00804","2025-02-08","YouTube","Text","Synthetic social media update","#marketing #growth","5093","11669","500","91","78","10468","18","6","neutral","12"
"post_00805","2026-03-19","YouTube","Image","Synthetic social media update","#business #marketing","21895","44639","1352","93","63","10936","43","14","neutral","9"
"post_00806","2025-04-07","Facebook","Live","Synthetic social media update","#technology #learning","23174","54088","759","90","74","11164","25","8","negative","17"
"post_00807","2025-03-26","Instagram","Reel","Synthetic social media update","#analytics #growth","23640","36264","1469","283","123","11020","53","18","neutral","6"
"post_00808","2025-04-17","X/Twitter","Image","Synthetic social media update","#technology #business","11550","25235","1085","163","160","11284","37","12","neutral","3"
"post_00809","2025-09-07","LinkedIn","Image","Synthetic social media update","#learning #growth","24625","54396","1917","205","241","13000","64","21","positive","2"
"post_00810","2025-06-15","YouTube","Video","Synthetic social media update","#community #marketing","10940","24019","1140","203","122","11992","40","13","positive","7"
"post_00811","2025-07-21","X/Twitter","Live","Synthetic social media update","#business #community","5132","10268","334","33","35","12424","11","4","positive","23"
"post_00812","2025-06-06","Facebook","Short","Synthetic social media update","#learning #marketing","6039","13110","360","16","21","11884","11","4","neutral","4"
"post_00813","2026-03-25","YouTube","Text","Synthetic social media update","#community #analytics","27281","35318","2702","372","104","11008","92","31","positive","10"
"post_00814","2026-03-03","Instagram","Video","Synthetic social media update","#growth #business","21694","28341","2006","378","239","10744","72","24","neutral","9"
"post_00815","2025-04-16","LinkedIn","Video","Synthetic social media update","#news #community","23129","56362","2131","274","205","11272","72","24","negative","23"
"post_00816","2026-02-14","X/Twitter","Live","Synthetic social media update","#learning #news","10679","19146","510","27","66","10540","16","5","neutral","6"
"post_00817","2026-01-13","YouTube","Reel","Synthetic social media update","#learning #growth","1803","4538","89","9","8","10156","3","1","positive","9"
"post_00818","2025-07-20","YouTube","Image","Synthetic social media update","#business #news","28547","48985","1169","57","177","12412","37","12","positive","3"
"post_00819","2025-05-22","Instagram","Video","Synthetic social media update","#technology #learning","16559","21056","880","64","102","11704","28","9","positive","11"
"post_00820","2025-11-17","Instagram","Video","Synthetic social media update","#news #analytics","16806","37298","1757","168","59","13852","58","19","negative","12"
"post_00821","2025-06-23","Instagram","Reel","Synthetic social media update","#marketing #technology","16436","33035","1229","149","129","12088","41","14","neutral","4"
"post_00822","2025-03-17","Instagram","Carousel","Synthetic social media update","#marketing #news","29082","59285","2566","152","213","10912","82","27","positive","17"
"post_00823","2025-01-18","X/Twitter","Carousel","Synthetic social media update","#news #growth","20937","47795","1081","56","81","10216","34","11","neutral","0"
"post_00824","2025-12-26","Instagram","Video","Synthetic social media update","#news #learning","22682","45054","1028","129","123","14320","35","12","negative","23"
"post_00825","2025-12-22","X/Twitter","Image","Synthetic social media update","#business #technology","10448","24655","786","130","123","14272","27","9","negative","19"
"post_00826","2026-01-05","LinkedIn","Carousel","Synthetic social media update","#technology #business","14979","34817","1230","194","56","10060","43","14","negative","6"
"post_00827","2025-08-08","Instagram","Short","Synthetic social media update","#community #news","12764","25075","522","99","52","12640","19","6","neutral","18"
"post_00828","2025-03-29","Facebook","Short","Synthetic social media update","#technology #community","28757","39485","1807","259","178","11056","62","21","neutral","2"
"post_00829","2025-08-11","Instagram","Reel","Synthetic social media update","#analytics #marketing","6993","11979","687","94","40","12676","23","8","negative","2"
"post_00830","2025-07-26","Facebook","Live","Synthetic social media update","#marketing #growth","15306","27982","1212","208","119","12484","43","14","positive","4"
"post_00831","2025-10-16","YouTube","Carousel","Synthetic social media update","#news #analytics","19095","23790","1156","63","156","13468","37","12","positive","1"
"post_00832","2025-01-03","YouTube","Live","Synthetic social media update","#business #learning","23422","39700","1409","203","198","10036","48","16","negative","13"
"post_00833","2025-09-01","X/Twitter","Video","Synthetic social media update","#learning #news","10384","14335","956","121","97","12928","32","11","neutral","8"
"post_00834","2025-09-25","Instagram","Image","Synthetic social media update","#technology #analytics","15152","25234","754","113","68","13216","26","9","negative","19"
"post_00835","2025-12-13","X/Twitter","Video","Synthetic social media update","#learning #marketing","3634","7041","180","19","10","14164","6","2","positive","2"
"post_00836","2026-03-14","LinkedIn","Video","Synthetic social media update","#growth #technology","19984","44342","2070","105","324","10876","65","22","negative","20"
"post_00837","2026-01-17","Facebook","Text","Synthetic social media update","#growth #business","15041","22118","1516","93","57","10204","48","16","negative","12"
"post_00838","2025-11-12","Instagram","Reel","Synthetic social media update","#news #technology","23945","40762","2137","266","308","13792","72","24","neutral","1"
"post_00839","2025-06-10","YouTube","Image","Synthetic social media update","#technology #learning","12028","19136","949","182","51","11932","34","11","positive","13"
"post_00840","2025-03-23","X/Twitter","Short","Synthetic social media update","#learning #business","29595","69106","1399","82","132","10984","44","15","neutral","4"
"post_00841","2025-02-20","YouTube","Image","Synthetic social media update","#business #marketing","13242","17835","1215","138","138","10612","41","14","positive","21"
"post_00842","2025-06-28","Instagram","Text","Synthetic social media update","#learning #news","15393","25151","1080","134","126","12148","36","12","neutral","20"
"post_00843","2026-03-02","LinkedIn","Short","Synthetic social media update","#marketing #technology","11089","21729","1207","136","41","10732","40","13","neutral","13"
"post_00844","2025-10-11","Instagram","Image","Synthetic social media update","#analytics #learning","29141","59053","3179","292","103","13408","104","35","positive","14"
"post_00845","2025-03-10","YouTube","Image","Synthetic social media update","#analytics #technology","6122","15812","668","37","28","10828","21","7","neutral","11"
"post_00846","2025-11-10","Facebook","Video","Synthetic social media update","#growth #marketing","8848","18698","379","50","30","13768","13","4","negative","10"
"post_00847","2025-05-25","Facebook","Image","Synthetic social media update","#technology #growth","9439","20266","553","33","50","11740","18","6","neutral","12"
"post_00848","2025-03-22","Facebook","Image","Synthetic social media update","#growth #analytics","21924","40078","1760","316","148","10972","62","21","negative","8"
"post_00849","2026-02-11","YouTube","Image","Synthetic social media update","#business #learning","26682","64971","1165","205","55","10504","41","14","positive","19"
"post_00850","2025-07-04","LinkedIn","Carousel","Synthetic social media update","#marketing #analytics","9437","12303","828","60","84","12220","27","9","positive","19"
"post_00851","2026-01-31","X/Twitter","Carousel","Synthetic social media update","#community #technology","9874","14843","441","44","41","10372","15","5","neutral","15"
"post_00852","2025-05-12","Instagram","Live","Synthetic social media update","#community #business","16762","35225","1777","181","63","11584","59","20","positive","2"
"post_00853","2025-08-20","LinkedIn","Text","Synthetic social media update","#news #analytics","3952","7016","195","12","29","12784","6","2","negative","23"
"post_00854","2025-07-12","YouTube","Carousel","Synthetic social media update","#analytics #business","15210","34278","776","150","80","12316","28","9","neutral","16"
"post_00855","2025-12-27","YouTube","Live","Synthetic social media update","#business #technology","16111","33102","791","158","31","14332","28","9","positive","8"
"post_00856","2025-06-02","Instagram","Live","Synthetic social media update","#learning #analytics","9996","17287","1002","48","101","11836","32","10","negative","1"
"post_00857","2025-01-20","Facebook","Image","Synthetic social media update","#marketing #analytics","7368","17133","789","136","55","10240","28","9","positive","6"
"post_00858","2026-03-29","LinkedIn","Carousel","Synthetic social media update","#business #growth","10502","17686","435","23","32","11056","14","5","negative","20"
"post_00859","2025-04-21","Instagram","Carousel","Synthetic social media update","#technology #business","20240","33338","1024","110","82","11332","34","11","positive","14"
"post_00860","2025-04-07","Facebook","Video","Synthetic social media update","#news #learning","20121","24727","1143","99","138","11164","37","12","negative","13"
"post_00861","2025-07-08","X/Twitter","Video","Synthetic social media update","#community #learning","11068","22983","787","142","122","12268","28","9","positive","4"
"post_00862","2025-12-30","X/Twitter","Video","Synthetic social media update","#technology #growth","24825","49027","2684","171","81","14368","86","29","neutral","23"
"post_00863","2025-09-05","Facebook","Live","Synthetic social media update","#marketing #business","2991","4770","229","32","25","12976","8","3","positive","23"
"post_00864","2026-01-22","YouTube","Carousel","Synthetic social media update","#growth #learning","14022","31013","1043","175","164","10264","37","12","negative","3"
"post_00865","2025-06-23","Facebook","Short","Synthetic social media update","#analytics #business","24567","59272","1725","128","202","12088","56","19","positive","16"
"post_00866","2025-03-27","YouTube","Video","Synthetic social media update","#business #learning","1363","2133","147","22","6","11032","5","2","positive","18"
"post_00867","2026-02-04","YouTube","Text","Synthetic social media update","#news #learning","10223","13216","649","66","54","10420","21","7","neutral","6"
"post_00868","2025-03-23","Instagram","Video","Synthetic social media update","#growth #business","17835","30855","659","98","92","10984","23","8","neutral","13"
"post_00869","2025-06-18","LinkedIn","Short","Synthetic social media update","#analytics #news","24330","55645","1815","142","116","12028","59","20","neutral","11"
"post_00870","2026-01-25","X/Twitter","Short","Synthetic social media update","#business #marketing","8898","21068","343","56","16","10300","12","4","negative","9"
"post_00871","2025-02-21","LinkedIn","Text","Synthetic social media update","#news #learning","15621","29198","495","21","62","10624","15","5","neutral","22"
"post_00872","2025-05-17","LinkedIn","Text","Synthetic social media update","#growth #business","12438","29364","1279","162","52","11644","43","14","negative","18"
"post_00873","2025-03-24","Instagram","Text","Synthetic social media update","#community #analytics","12931","17900","863","96","62","10996","29","10","neutral","11"
"post_00874","2025-05-22","Facebook","Image","Synthetic social media update","#analytics #news","14144","18850","1066","105","51","11704","35","12","negative","18"
"post_00875","2025-09-06","Facebook","Short","Synthetic social media update","#learning #news","5975","11885","655","28","22","12988","20","7","negative","8"
"post_00876","2025-09-16","X/Twitter","Carousel","Synthetic social media update","#news #growth","7176","10497","780","52","24","13108","25","8","positive","1"
"post_00877","2025-09-19","X/Twitter","Text","Synthetic social media update","#community #marketing","18837","28972","1701","301","209","13144","60","20","positive","19"
"post_00878","2025-09-07","Facebook","Live","Synthetic social media update","#growth #community","7239","12965","612","58","81","13000","20","7","positive","10"
"post_00879","2025-07-19","Facebook","Short","Synthetic social media update","#learning #marketing","27270","62189","2162","172","326","12400","70","23","negative","11"
"post_00880","2025-06-30","YouTube","Live","Synthetic social media update","#marketing #analytics","7035","10765","692","126","91","12172","25","8","positive","10"
"post_00881","2025-03-04","YouTube","Short","Synthetic social media update","#analytics #learning","24626","59146","1062","163","67","10756","37","12","negative","12"
"post_00882","2025-10-18","YouTube","Text","Synthetic social media update","#analytics #learning","18570","24848","786","149","109","13492","28","9","negative","23"
"post_00883","2025-08-19","LinkedIn","Live","Synthetic social media update","#analytics #technology","13450","31918","613","69","93","12772","20","7","negative","8"
"post_00884","2025-12-26","Facebook","Reel","Synthetic social media update","#news #marketing","9121","23139","371","53","12","14320","13","4","positive","17"
"post_00885","2026-02-18","LinkedIn","Image","Synthetic social media update","#marketing #learning","25124","45764","775","126","41","10588","27","9","positive","1"
"post_00886","2026-02-24","Instagram","Text","Synthetic social media update","#marketing #business","27451","44750","1284","126","41","10660","42","14","positive","14"
"post_00887","2025-11-19","X/Twitter","Carousel","Synthetic social media update","#community #business","22499","42455","802","140","85","13876","28","9","neutral","11"
"post_00888","2025-08-24","LinkedIn","Live","Synthetic social media update","#growth #analytics","3634","9143","257","45","31","12832","9","3","neutral","10"
"post_00889","2025-07-15","YouTube","Reel","Synthetic social media update","#community #news","13738","18259","1221","222","86","12352","43","14","negative","1"
"post_00890","2025-12-17","X/Twitter","Text","Synthetic social media update","#marketing #technology","1967","3735","81","11","8","14212","3","1","neutral","18"
"post_00891","2025-03-19","Instagram","Text","Synthetic social media update","#marketing #news","16557","23247","509","34","37","10936","16","5","negative","9"
"post_00892","2025-06-10","X/Twitter","Image","Synthetic social media update","#learning #analytics","6533","8375","421","35","47","11932","14","5","negative","0"
"post_00893","2025-03-25","Facebook","Reel","Synthetic social media update","#news #analytics","21341","35270","2165","155","219","11008","70","23","neutral","22"
"post_00894","2026-02-28","YouTube","Video","Synthetic social media update","#growth #business","8219","12711","410","55","40","10708","14","5","positive","10"
"post_00895","2025-09-14","Facebook","Video","Synthetic social media update","#analytics #marketing","21784","30527","846","109","116","13084","29","10","negative","14"
"post_00896","2026-01-27","LinkedIn","Reel","Synthetic social media update","#growth #learning","17762","28033","1441","217","93","10324","50","17","neutral","15"
"post_00897","2026-01-04","X/Twitter","Image","Synthetic social media update","#analytics #community","14655","30708","524","59","77","10048","17","6","positive","22"
"post_00898","2026-01-17","X/Twitter","Carousel","Synthetic social media update","#growth #community","13788","30125","1097","108","147","10204","36","12","neutral","14"
"post_00899","2025-06-05","YouTube","Carousel","Synthetic social media update","#learning #marketing","3651","7451","396","64","48","11872","14","5","negative","14"
"post_00900","2025-09-12","YouTube","Video","Synthetic social media update","#news #community","18956","28579","1996","260","312","13060","68","23","neutral","15"
"post_00901","2025-10-25","X/Twitter","Video","Synthetic social media update","#growth #marketing","23132","29464","890","116","129","13576","30","10","positive","23"
"post_00902","2025-05-04","LinkedIn","Reel","Synthetic social media update","#community #learning","9780","13128","636","48","42","11488","21","7","negative","11"
"post_00903","2025-05-20","X/Twitter","Carousel","Synthetic social media update","#growth #marketing","12138","14724","864","104","113","11680","29","10","positive","11"
"post_00904","2025-01-26","YouTube","Text","Synthetic social media update","#business #news","28187","71607","2385","167","135","10312","77","26","positive","23"
"post_00905","2025-07-09","LinkedIn","Text","Synthetic social media update","#business #community","10796","17507","902","146","94","12280","31","10","neutral","4"
"post_00906","2025-11-25","YouTube","Live","Synthetic social media update","#marketing #analytics","10831","25389","1110","109","56","13948","37","12","negative","5"
"post_00907","2025-10-02","X/Twitter","Live","Synthetic social media update","#growth #learning","27177","60836","2721","243","260","13300","89","30","neutral","14"
"post_00908","2025-04-24","Instagram","Carousel","Synthetic social media update","#technology #business","3089","6698","198","11","23","11368","6","2","positive","17"
"post_00909","2025-12-09","LinkedIn","Reel","Synthetic social media update","#community #growth","23537","51963","2159","268","303","14116","73","24","negative","0"
"post_00910","2025-05-25","Instagram","Carousel","Synthetic social media update","#technology #analytics","12108","27063","975","39","42","11740","30","10","negative","11"
"post_00911","2025-06-14","YouTube","Short","Synthetic social media update","#business #analytics","28004","59432","2423","470","310","11980","87","29","negative","21"
"post_00912","2026-01-06","X/Twitter","Reel","Synthetic social media update","#growth #learning","15341","35073","1284","114","47","10072","42","14","positive","3"
"post_00913","2025-06-09","Facebook","Short","Synthetic social media update","#business #growth","9784","21784","465","65","51","11920","16","5","negative","10"
"post_00914","2025-07-12","LinkedIn","Live","Synthetic social media update","#learning #growth","11227","27566","783","44","105","12316","25","8","positive","1"
"post_00915","2026-01-04","X/Twitter","Video","Synthetic social media update","#community #marketing","7280","10924","570","75","38","10048","19","6","negative","17"
"post_00916","2025-05-28","LinkedIn","Carousel","Synthetic social media update","#community #analytics","4224","7304","432","50","20","11776","14","5","neutral","17"
"post_00917","2025-02-04","YouTube","Image","Synthetic social media update","#business #community","15176","34147","1461","246","88","10420","51","17","positive","23"
"post_00918","2025-09-17","Facebook","Video","Synthetic social media update","#learning #business","10350","19572","788","65","124","13120","26","9","negative","16"
"post_00919","2025-10-24","YouTube","Carousel","Synthetic social media update","#learning #technology","4359","5958","295","43","20","13564","10","3","positive","10"
"post_00920","2025-01-12","LinkedIn","Carousel","Synthetic social media update","#growth #technology","29823","49066","1990","319","311","10144","69","23","positive","9"
"post_00921","2025-12-31","YouTube","Reel","Synthetic social media update","#technology #learning","5128","8204","488","82","54","14380","17","6","positive","12"
"post_00922","2025-10-18","Facebook","Text","Synthetic social media update","#marketing #community","2742","3683","242","47","39","13492","9","3","negative","0"
"post_00923","2025-03-19","Facebook","Image","Synthetic social media update","#growth #news","29232","64193","2254","122","351","10936","71","24","positive","20"
"post_00924","2026-01-10","YouTube","Text","Synthetic social media update","#technology #growth","27033","65693","1501","255","80","10120","53","18","positive","7"
"post_00925","2025-11-03","Instagram","Image","Synthetic social media update","#learning #business","24491","33654","1772","171","224","13684","58","19","neutral","6"
"post_00926","2025-08-19","X/Twitter","Live","Synthetic social media update","#news #community","7343","11313","398","30","24","12772","13","4","positive","13"
"post_00927","2025-11-27","LinkedIn","Live","Synthetic social media update","#growth #learning","21615","49571","1246","216","122","13972","44","15","neutral","17"
"post_00928","2026-02-21","X/Twitter","Image","Synthetic social media update","#technology #marketing","10986","20745","447","52","44","10624","15","5","negative","10"
"post_00929","2025-04-17","YouTube","Short","Synthetic social media update","#community #technology","11321","27637","402","43","31","11284","13","4","neutral","14"
"post_00930","2025-02-15","Facebook","Live","Synthetic social media update","#news #business","17657","42793","1719","103","185","10552","55","18","positive","11"
"post_00931","2025-11-13","LinkedIn","Live","Synthetic social media update","#business #learning","11097","28179","987","140","38","13804","34","11","neutral","2"
"post_00932","2026-01-10","X/Twitter","Short","Synthetic social media update","#marketing #news","10231","13229","616","122","56","10120","22","7","negative","15"
"post_00933","2026-02-25","Facebook","Text","Synthetic social media update","#business #news","19555","29698","1109","192","148","10672","39","13","positive","12"
"post_00934","2025-01-04","LinkedIn","Text","Synthetic social media update","#analytics #growth","22731","30431","1414","144","127","10048","47","16","positive","14"
"post_00935","2025-07-17","YouTube","Carousel","Synthetic social media update","#news #marketing","23368","28270","1473","258","71","12376","52","17","negative","4"
"post_00936","2026-01-25","X/Twitter","Reel","Synthetic social media update","#community #news","16678","37378","792","57","103","10300","25","8","positive","0"
"post_00937","2026-02-16","LinkedIn","Short","Synthetic social media update","#business #marketing","3228","4100","339","15","42","10564","11","4","neutral","21"
"post_00938","2026-03-27","Facebook","Carousel","Synthetic social media update","#business #community","7012","12491","531","28","73","11032","17","6","neutral","5"
"post_00939","2025-08-12","X/Twitter","Short","Synthetic social media update","#community #news","19746","37146","1142","111","97","12688","38","13","positive","12"
"post_00940","2025-04-04","X/Twitter","Short","Synthetic social media update","#business #marketing","21738","48131","1687","206","258","11128","57","19","positive","19"
"post_00941","2025-06-23","Instagram","Image","Synthetic social media update","#community #business","7025","8673","396","35","16","12088","13","4","positive","23"
"post_00942","2025-03-07","YouTube","Carousel","Synthetic social media update","#technology #analytics","16183","37726","757","37","102","10792","24","8","neutral","17"
"post_00943","2025-09-23","X/Twitter","Video","Synthetic social media update","#technology #news","21636","48143","1297","220","86","13192","46","15","neutral","14"
"post_00944","2025-01-27","Instagram","Image","Synthetic social media update","#news #growth","25551","60100","1504","206","181","10324","51","17","neutral","7"
"post_00945","2025-01-24","YouTube","Carousel","Synthetic social media update","#business #news","12230","24280","1189","96","67","10288","39","13","neutral","12"
"post_00946","2025-09-05","X/Twitter","Image","Synthetic social media update","#analytics #community","8243","14269","756","140","79","12976","27","9","negative","20"
"post_00947","2025-08-26","Instagram","Carousel","Synthetic social media update","#community #news","27412","58607","860","69","113","12856","28","9","neutral","3"
"post_00948","2025-10-02","YouTube","Live","Synthetic social media update","#news #growth","20648","28582","1131","83","138","13300","36","12","neutral","20"
"post_00949","2025-02-23","X/Twitter","Short","Synthetic social media update","#community #marketing","2984","4970","175","35","8","10648","6","2","positive","1"
"post_00950","2025-07-27","Instagram","Carousel","Synthetic social media update","#learning #community","24034","49229","790","148","125","12496","28","9","negative","8"
"post_00951","2025-09-24","Facebook","Reel","Synthetic social media update","#learning #analytics","27147","44649","1225","189","140","13204","42","14","neutral","22"
"post_00952","2025-09-13","Instagram","Reel","Synthetic social media update","#growth #business","21765","36606","2244","196","103","13072","73","24","neutral","13"
"post_00953","2025-01-14","Instagram","Reel","Synthetic social media update","#analytics #marketing","21462","46715","1618","74","258","10168","51","17","neutral","15"
"post_00954","2025-06-25","YouTube","Image","Synthetic social media update","#learning #growth","9304","15400","753","39","54","12112","24","8","negative","21"
"post_00955","2025-10-21","YouTube","Short","Synthetic social media update","#community #analytics","15850","25085","808","110","109","13528","28","9","neutral","21"
"post_00956","2025-12-03","LinkedIn","Text","Synthetic social media update","#analytics #technology","10871","23588","712","33","108","14044","22","7","positive","8"
"post_00957","2025-03-11","X/Twitter","Live","Synthetic social media update","#news #technology","17084","25800","977","53","115","10840","31","10","negative","1"
"post_00958","2026-01-16","LinkedIn","Short","Synthetic social media update","#community #learning","27355","36014","2331","222","85","10192","77","26","neutral","10"
"post_00959","2026-03-17","YouTube","Short","Synthetic social media update","#learning #growth","27147","48577","2084","277","76","10912","71","24","negative","20"
"post_00960","2025-09-30","Instagram","Text","Synthetic social media update","#marketing #community","22088","52411","2304","236","105","13276","76","25","negative","4"
"post_00961","2025-03-19","LinkedIn","Text","Synthetic social media update","#news #marketing","2277","3192","208","8","11","10936","6","2","positive","15"
"post_00962","2025-02-15","LinkedIn","Short","Synthetic social media update","#technology #learning","11585","26463","1205","239","57","10552","43","14","positive","23"
"post_00963","2025-12-12","Instagram","Video","Synthetic social media update","#news #growth","14926","33326","1276","122","172","14152","42","14","neutral","23"
"post_00964","2025-05-17","YouTube","Video","Synthetic social media update","#news #business","8893","20298","300","43","30","11644","10","3","negative","3"
"post_00965","2025-09-22","Facebook","Live","Synthetic social media update","#news #growth","22544","46810","1781","154","141","13180","58","19","negative","19"
"post_00966","2026-03-03","YouTube","Carousel","Synthetic social media update","#learning #technology","12979","28544","525","77","30","10744","18","6","negative","8"
"post_00967","2025-07-10","Instagram","Reel","Synthetic social media update","#technology #learning","11137","28602","1114","182","170","12292","39","13","positive","7"
"post_00968","2025-05-11","Facebook","Carousel","Synthetic social media update","#learning #marketing","12280","25675","718","44","67","11572","23","8","neutral","20"
"post_00969","2025-07-03","LinkedIn","Video","Synthetic social media update","#business #technology","2227","4224","75","14","6","12208","3","1","negative","3"
"post_00970","2025-06-23","Facebook","Short","Synthetic social media update","#community #technology","21841","39089","1327","258","168","12088","48","16","neutral","20"
"post_00971","2026-01-17","YouTube","Carousel","Synthetic social media update","#technology #business","15980","29884","1091","200","133","10204","39","13","positive","1"
"post_00972","2026-03-30","Instagram","Text","Synthetic social media update","#community #growth","28447","38980","1879","80","180","11068","59","20","negative","7"
"post_00973","2026-03-30","Facebook","Reel","Synthetic social media update","#news #business","28164","70032","2773","396","421","11068","95","32","negative","0"
"post_00974","2025-06-28","YouTube","Image","Synthetic social media update","#growth #analytics","1839","3285","63","8","9","12148","2","1","negative","13"
"post_00975","2025-03-08","Instagram","Live","Synthetic social media update","#growth #analytics","5240","9785","241","43","38","10804","9","3","neutral","6"
"post_00976","2025-06-17","Facebook","Text","Synthetic social media update","#community #growth","26275","45198","1652","306","171","12016","59","20","positive","15"
"post_00977","2026-01-16","LinkedIn","Short","Synthetic social media update","#technology #growth","20255","47474","1586","93","213","10192","50","17","neutral","21"
"post_00978","2026-02-07","Instagram","Image","Synthetic social media update","#business #news","5606","12136","539","70","16","10456","18","6","neutral","17"
"post_00979","2026-03-31","X/Twitter","Reel","Synthetic social media update","#business #community","19451","47762","2037","333","312","11080","71","24","neutral","14"
"post_00980","2025-03-09","LinkedIn","Reel","Synthetic social media update","#analytics #news","22141","50652","994","100","81","10816","33","11","negative","13"
"post_00981","2025-02-07","Instagram","Video","Synthetic social media update","#learning #growth","12127","30795","582","58","22","10456","19","6","neutral","1"
"post_00982","2026-01-22","LinkedIn","Live","Synthetic social media update","#growth #learning","20225","47993","872","105","42","10264","29","10","neutral","17"
"post_00983","2026-01-14","Instagram","Live","Synthetic social media update","#community #business","22587","53297","2276","325","165","10168","78","26","positive","23"
"post_00984","2025-07-22","Instagram","Video","Synthetic social media update","#analytics #marketing","20021","31512","2114","260","304","12436","71","24","positive","9"
"post_00985","2025-09-13","X/Twitter","Live","Synthetic social media update","#marketing #technology","23283","31031","1153","69","164","13072","37","12","negative","13"
"post_00986","2025-11-09","YouTube","Reel","Synthetic social media update","#marketing #learning","21610","51343","2224","141","343","13756","71","24","positive","11"
"post_00987","2025-09-22","Instagram","Video","Synthetic social media update","#growth #learning","18435","47373","1558","231","195","13180","54","18","negative","17"
"post_00988","2025-10-22","X/Twitter","Live","Synthetic social media update","#business #learning","5900","10636","235","16","9","13540","8","3","neutral","12"
"post_00989","2025-12-13","X/Twitter","Video","Synthetic social media update","#growth #community","9315","16860","430","59","23","14164","15","5","positive","17"
"post_00990","2025-12-30","Facebook","Image","Synthetic social media update","#growth #news","25058","38835","1785","206","55","14368","60","20","negative","2"
"post_00991","2025-09-15","YouTube","Live","Synthetic social media update","#technology #learning","27656","67185","964","96","45","13096","32","11","neutral","14"
"post_00992","2025-11-30","Instagram","Reel","Synthetic social media update","#analytics #growth","22364","48672","2113","359","330","14008","74","25","neutral","9"
"post_00993","2025-01-31","Facebook","Carousel","Synthetic social media update","#community #analytics","27659","56296","1015","136","44","10372","35","12","positive","15"
"post_00994","2025-10-24","Instagram","Short","Synthetic social media update","#business #analytics","28115","47269","1677","305","237","13564","59","20","neutral","5"
"post_00995","2026-01-13","Facebook","Carousel","Synthetic social media update","#analytics #learning","1355","1686","118","5","14","10156","4","1","negative","0"
"post_00996","2025-11-16","Facebook","Carousel","Synthetic social media update","#learning #marketing","1547","2847","54","3","6","13840","2","1","negative","20"
"post_00997","2025-08-03","YouTube","Reel","Synthetic social media update","#community #technology","28143","49709","2107","180","113","12580","69","23","positive","8"
"post_00998","2026-02-22","LinkedIn","Text","Synthetic social media update","#news #learning","17534","26476","1345","97","118","10636","43","14","neutral","5"
"post_00999","2025-01-22","LinkedIn","Image","Synthetic social media update","#marketing #analytics","28557","47247","1199","213","185","10264","42","14","neutral","20"
"post_01000","2025-05-05","YouTube","Carousel","Synthetic social media update","#marketing #learning","22887","56715","1713","330","68","11500","61","20","neutral","10"
"post_01001","2025-07-14","LinkedIn","Carousel","Synthetic social media update","#analytics #news","4076","6489","366","66","51","12340","13","4","neutral","10"
"post_01002","2026-01-29","X/Twitter","Reel","Synthetic social media update","#news #learning","23877","37824","1820","130","282","10348","58","20","positive","18"
"post_01003","2025-11-14","YouTube","Short","Synthetic social media update","#technology #learning","3679","8106","312","40","14","13816","11","4","neutral","0"
"post_01004","2025-10-15","Instagram","Reel","Synthetic social media update","#business #marketing","23705","43936","1072","146","89","13456","37","12","negative","4"
"post_01005","2025-05-07","Instagram","Text","Synthetic social media update","#analytics #technology","1136","2508","91","15","5","11524","3","1","negative","4"
"post_01006","2025-06-15","LinkedIn","Short","Synthetic social media update","#business #news","22831","45706","868","174","111","11992","31","10","positive","10"
"post_01007","2025-03-28","X/Twitter","Image","Synthetic social media update","#community #marketing","24323","45012","2171","128","252","11044","69","23","positive","14"
"post_01008","2026-03-21","X/Twitter","Reel","Synthetic social media update","#community #analytics","15747","30579","1323","190","206","10960","45","15","positive","11"
"post_01009","2026-02-07","Facebook","Carousel","Synthetic social media update","#marketing #analytics","19724","24139","1598","147","132","10456","52","17","neutral","16"
"post_01010","2025-03-28","LinkedIn","Short","Synthetic social media update","#analytics #technology","1374","1812","99","18","8","11044","4","1","positive","6"
"post_01011","2025-08-19","Instagram","Text","Synthetic social media update","#growth #analytics","6811","14069","517","62","65","12772","17","6","positive","1"
"post_01012","2025-07-24","Instagram","Video","Synthetic social media update","#learning #marketing","16600","34444","1540","148","163","12460","51","17","positive","3"
"post_01013","2025-07-09","X/Twitter","Text","Synthetic social media update","#analytics #marketing","12850","16470","521","101","46","12280","19","6","negative","23"
"post_01014","2025-12-18","YouTube","Live","Synthetic social media update","#marketing #growth","28924","48457","2595","402","172","14224","90","30","positive","1"
"post_01015","2025-03-04","Facebook","Short","Synthetic social media update","#community #marketing","7728","14759","329","46","41","10756","11","4","negative","5"
"post_01016","2025-03-20","YouTube","Short","Synthetic social media update","#analytics #business","25546","56123","2392","284","353","10948","80","27","negative","1"
"post_01017","2025-10-08","Instagram","Text","Synthetic social media update","#marketing #news","9829","13732","457","29","71","13372","15","5","neutral","18"
"post_01018","2025-01-30","Instagram","Video","Synthetic social media update","#marketing #business","1853","3651","178","33","22","10360","6","2","neutral","6"
"post_01019","2025-08-22","YouTube","Live","Synthetic social media update","#community #business","24524","43833","1625","185","252","12808","54","18","negative","4"
"post_01020","2025-04-27","LinkedIn","Reel","Synthetic social media update","#news #analytics","14249","29763","523","98","26","11404","19","6","positive","0"
"post_01021","2025-01-04","X/Twitter","Text","Synthetic social media update","#marketing #business","5717","13977","217","11","13","10048","7","2","negative","0"
"post_01022","2026-02-02","X/Twitter","Carousel","Synthetic social media update","#growth #marketing","17092","40214","1044","61","146","10396","33","11","neutral","20"
"post_01023","2025-12-05","Instagram","Reel","Synthetic social media update","#learning #analytics","16532","22046","828","100","129","14068","28","9","negative","22"
"post_01024","2026-02-15","X/Twitter","Image","Synthetic social media update","#technology #business","8062","17207","795","113","47","10552","27","9","neutral","17"
"post_01025","2025-06-20","YouTube","Image","Synthetic social media update","#growth #analytics","9545","21019","646","73","28","12052","22","7","neutral","1"
"post_01026","2026-03-18","Instagram","Carousel","Synthetic social media update","#marketing #community","9171","13318","877","51","97","10924","28","9","negative","21"
"post_01027","2025-09-28","Instagram","Image","Synthetic social media update","#community #learning","4458","6708","171","26","24","13252","6","2","negative","16"
"post_01028","2025-12-08","LinkedIn","Video","Synthetic social media update","#community #growth","14806","31834","1047","61","51","14104","33","11","positive","1"
"post_01029","2025-12-27","YouTube","Video","Synthetic social media update","#business #analytics","29271","45082","2805","309","189","14332","93","31","positive","10"
"post_01030","2025-12-04","Instagram","Image","Synthetic social media update","#business #learning","4396","6987","226","13","11","14056","7","2","negative","4"
"post_01031","2025-12-12","X/Twitter","Live","Synthetic social media update","#learning #news","10216","16655","374","69","22","14152","13","4","positive","18"
"post_01032","2025-11-19","LinkedIn","Live","Synthetic social media update","#news #community","4484","11461","205","36","9","13876","7","2","positive","7"
"post_01033","2025-10-30","Facebook","Text","Synthetic social media update","#news #technology","28705","74426","2533","443","214","13636","89","30","negative","4"
"post_01034","2025-07-05","LinkedIn","Live","Synthetic social media update","#growth #technology","9837","21573","422","51","26","12232","14","5","neutral","21"
"post_01035","2026-02-22","YouTube","Live","Synthetic social media update","#business #analytics","21724","45405","1992","107","300","10636","63","21","neutral","22"
"post_01036","2025-07-10","LinkedIn","Video","Synthetic social media update","#marketing #news","16264","20947","925","43","39","12292","29","10","negative","14"
"post_01037","2025-04-20","Facebook","Video","Synthetic social media update","#marketing #growth","11557","26995","1019","58","90","11320","32","11","positive","23"
"post_01038","2025-11-08","X/Twitter","Carousel","Synthetic social media update","#news #growth","12001","15747","786","87","35","13744","26","9","positive","4"
"post_01039","2025-10-20","LinkedIn","Short","Synthetic social media update","#technology #analytics","23867","60761","1506","258","218","13516","53","18","positive","23"
"post_01040","2025-02-23","Facebook","Video","Synthetic social media update","#growth #learning","19919","26872","1282","256","185","10648","46","15","positive","23"
"post_01041","2025-10-31","X/Twitter","Image","Synthetic social media update","#learning #news","7877","16096","744","101","31","13648","25","8","negative","1"
"post_01042","2026-02-11","LinkedIn","Image","Synthetic social media update","#marketing #learning","28463","46578","1594","244","79","10504","55","18","negative","22"
"post_01043","2026-02-18","YouTube","Reel","Synthetic social media update","#community #growth","25419","45599","1308","144","86","10588","44","15","negative","22"
"post_01044","2025-07-22","Facebook","Image","Synthetic social media update","#community #news","16023","37977","490","82","21","12436","17","6","positive","23"
"post_01045","2026-01-07","X/Twitter","Video","Synthetic social media update","#news #marketing","3196","4607","144","15","10","10084","5","2","negative","7"
"post_01046","2025-11-26","LinkedIn","Reel","Synthetic social media update","#community #business","3322","7867","218","14","14","13960","7","2","positive","23"
"post_01047","2025-06-17","YouTube","Text","Synthetic social media update","#learning #analytics","19465","33186","1100","206","165","12016","39","13","neutral","22"
"post_01048","2025-08-29","Facebook","Carousel","Synthetic social media update","#marketing #business","4905","11150","216","41","24","12892","8","3","positive","15"
"post_01049","2026-01-29","Instagram","Image","Synthetic social media update","#marketing #analytics","7520","9152","586","117","83","10348","21","7","positive","1"
"post_01050","2026-01-27","Facebook","Video","Synthetic social media update","#learning #news","18849","29001","1312","68","147","10324","41","14","negative","17"
"post_01051","2025-05-04","Facebook","Live","Synthetic social media update","#learning #news","24187","29748","969","121","59","11488","33","11","positive","21"
"post_01052","2025-08-19","Facebook","Reel","Synthetic social media update","#analytics #business","4008","7211","192","14","20","12772","6","2","positive","0"
"post_01053","2025-06-04","Instagram","Live","Synthetic social media update","#news #learning","3340","7344","102","9","9","11860","3","1","positive","15"
"post_01054","2025-02-16","YouTube","Carousel","Synthetic social media update","#learning #technology","12038","19455","731","53","105","10564","24","8","positive","2"
"post_01055","2025-01-30","X/Twitter","Short","Synthetic social media update","#marketing #growth","17453","39588","972","41","40","10360","30","10","positive","9"
"post_01056","2025-05-08","Facebook","Video","Synthetic social media update","#technology #growth","12749","18007","594","78","68","11536","20","7","positive","19"
"post_01057","2025-12-30","Instagram","Reel","Synthetic social media update","#growth #marketing","24293","56408","1108","75","103","14368","35","12","neutral","17"
"post_01058","2025-01-09","YouTube","Video","Synthetic social media update","#marketing #technology","29214","64516","2248","173","302","10108","73","24","positive","18"
"post_01059","2026-03-28","YouTube","Text","Synthetic social media update","#business #analytics","11426","23584","887","51","46","11044","28","9","positive","4"
"post_01060","2026-01-05","Facebook","Short","Synthetic social media update","#community #news","9703","15763","1052","80","93","10060","34","11","neutral","8"
"post_01061","2025-03-10","Facebook","Carousel","Synthetic social media update","#community #news","11773","17929","1235","97","177","10828","40","13","positive","19"
"post_01062","2026-03-20","X/Twitter","Live","Synthetic social media update","#analytics #learning","24241","29852","1815","189","103","10948","60","20","neutral","4"
"post_01063","2025-02-08","Instagram","Live","Synthetic social media update","#technology #business","27319","33891","1824","255","236","10468","62","21","neutral","23"
"post_01064","2025-06-14","X/Twitter","Reel","Synthetic social media update","#technology #business","18643","47210","1253","241","142","11980","45","15","neutral","10"
"post_01065","2025-06-11","YouTube","Live","Synthetic social media update","#analytics #growth","6731","14692","225","32","16","11944","8","3","negative","17"
"post_01066","2025-09-21","Instagram","Carousel","Synthetic social media update","#community #technology","9317","12951","387","56","45","13168","13","4","positive","21"
"post_01067","2025-05-24","Facebook","Short","Synthetic social media update","#business #growth","14254","32750","649","54","68","11728","21","7","positive","8"
"post_01068","2025-10-06","X/Twitter","Video","Synthetic social media update","#news #business","25713","46358","2515","130","98","13348","79","26","neutral","20"
"post_01069","2026-01-12","YouTube","Image","Synthetic social media update","#technology #growth","12997","16709","743","72","61","10144","24","8","positive","11"
"post_01070","2026-01-03","YouTube","Reel","Synthetic social media update","#analytics #community","4139","6947","416","43","50","10036","14","5","positive","0"
"post_01071","2025-12-18","Instagram","Reel","Synthetic social media update","#analytics #learning","4711","7257","450","73","62","14224","16","5","neutral","10"
"post_01072","2025-02-02","Facebook","Video","Synthetic social media update","#growth #community","3420","8049","108","11","11","10396","4","1","positive","2"
"post_01073","2026-01-18","LinkedIn","Reel","Synthetic social media update","#news #community","16345","30859","910","73","52","10216","29","10","positive","23"
"post_01074","2025-07-26","YouTube","Short","Synthetic social media update","#community #learning","3637","5188","335","54","40","12484","12","4","neutral","14"
"post_01075","2025-09-17","Facebook","Video","Synthetic social media update","#learning #news","12352","31362","587","29","35","13120","18","6","neutral","2"
"post_01076","2025-08-01","LinkedIn","Live","Synthetic social media update","#analytics #business","5756","13649","591","74","35","12556","20","7","positive","19"
"post_01077","2025-09-15","Facebook","Carousel","Synthetic social media update","#analytics #marketing","29599","42991","2534","450","340","13096","90","30","positive","7"
"post_01078","2025-05-04","X/Twitter","Carousel","Synthetic social media update","#news #analytics","16862","42163","929","142","136","11488","32","11","positive","7"
"post_01079","2025-04-29","Instagram","Video","Synthetic social media update","#news #analytics","15660","24553","1235","149","118","11428","42","14","neutral","4"
"post_01080","2025-04-21","Facebook","Live","Synthetic social media update","#marketing #analytics","1821","3806","57","4","8","11332","2","1","neutral","16"
"post_01081","2025-06-13","YouTube","Image","Synthetic social media update","#learning #business","24674","53012","2219","249","252","11968","74","25","neutral","20"
"post_01082","2025-04-03","X/Twitter","Carousel","Synthetic social media update","#marketing #learning","16839","38254","1241","110","188","11116","41","14","neutral","9"
"post_01083","2025-03-28","YouTube","Reel","Synthetic social media update","#news #community","2861","4241","257","46","9","11044","9","3","negative","12"
"post_01084","2025-02-26","LinkedIn","Video","Synthetic social media update","#business #community","28554","57747","861","167","94","10684","31","10","positive","18"
"post_01085","2025-03-15","LinkedIn","Short","Synthetic social media update","#community #marketing","29365","68495","2303","177","169","10888","74","25","neutral","11"
"post_01086","2025-11-20","YouTube","Image","Synthetic social media update","#growth #marketing","15671","31645","476","74","18","13888","16","6","positive","1"
"post_01087","2026-02-10","Facebook","Reel","Synthetic social media update","#learning #community","22034","44225","1349","135","51","10492","45","15","positive","13"
"post_01088","2025-09-21","X/Twitter","Carousel","Synthetic social media update","#growth #news","7221","8864","406","51","19","13168","14","5","positive","11"
"post_01089","2025-08-23","Facebook","Video","Synthetic social media update","#news #business","24853","55111","2472","372","395","12820","85","28","negative","22"
"post_01090","2025-05-09","LinkedIn","Image","Synthetic social media update","#news #learning","26070","56372","2338","252","278","11548","78","26","neutral","14"
"post_01091","2025-04-14","Instagram","Short","Synthetic social media update","#news #marketing","27168","34363","850","158","38","11248","30","10","positive","4"
"post_01092","2025-08-05","Facebook","Image","Synthetic social media update","#marketing #community","17089","28186","1015","71","126","12604","33","11","positive","20"
"post_01093","2025-11-15","YouTube","Carousel","Synthetic social media update","#learning #business","8561","12009","716","106","99","13828","25","8","neutral","11"
"post_01094","2026-02-16","LinkedIn","Reel","Synthetic social media update","#technology #learning","7672","17980","444","72","69","10564","15","5","neutral","19"
"post_01095","2026-03-12","Facebook","Live","Synthetic social media update","#learning #community","14637","37280","1249","224","183","10852","44","15","neutral","11"
"post_01096","2025-09-12","X/Twitter","Carousel","Synthetic social media update","#learning #marketing","26717","32216","2621","454","121","13060","92","31","negative","5"
"post_01097","2025-06-05","Instagram","Live","Synthetic social media update","#learning #news","8957","21990","720","46","78","11872","23","8","neutral","4"
"post_01098","2025-09-30","YouTube","Live","Synthetic social media update","#learning #community","27085","38590","1087","117","144","13276","36","12","neutral","13"
"post_01099","2025-12-29","X/Twitter","Live","Synthetic social media update","#analytics #learning","27378","53749","1265","149","138","14356","42","14","neutral","9"
"post_01100","2025-08-23","X/Twitter","Live","Synthetic social media update","#marketing #news","14459","22890","1446","198","114","12820","49","16","neutral","20"
"post_01101","2025-09-03","YouTube","Live","Synthetic social media update","#technology #business","27046","67704","1533","257","215","12952","54","18","negative","18"
"post_01102","2025-07-14","Instagram","Live","Synthetic social media update","#learning #marketing","13617","29080","1021","76","73","12340","33","11","neutral","1"
"post_01103","2025-03-08","Facebook","Image","Synthetic social media update","#community #technology","21037","26735","2241","185","160","10804","73","24","neutral","0"
"post_01104","2025-08-26","Instagram","Reel","Synthetic social media update","#growth #learning","1880","4228","136","22","6","12856","5","2","positive","13"
"post_01105","2025-07-04","X/Twitter","Text","Synthetic social media update","#community #learning","28617","40339","1938","287","190","12220","67","22","negative","21"
"post_01106","2025-10-27","YouTube","Text","Synthetic social media update","#analytics #business","21159","27295","2320","171","215","13600","75","25","positive","22"
"post_01107","2025-01-31","Facebook","Short","Synthetic social media update","#technology #learning","7885","13927","475","59","54","10372","16","5","negative","21"
"post_01108","2025-12-22","Instagram","Text","Synthetic social media update","#marketing #analytics","20345","40511","1439","257","94","14272","51","17","positive","5"
"post_01109","2025-05-08","X/Twitter","Video","Synthetic social media update","#learning #community","11598","24061","572","54","40","11536","19","6","positive","0"
"post_01110","2025-05-25","YouTube","Image","Synthetic social media update","#marketing #growth","15766","31004","1642","286","214","11740","58","19","negative","13"
"post_01111","2026-03-05","Instagram","Image","Synthetic social media update","#marketing #technology","4495","8758","334","51","37","10768","12","4","positive","4"
"post_01112","2025-03-01","LinkedIn","Live","Synthetic social media update","#news #learning","20187","39513","1127","101","129","10720","37","12","negative","23"
"post_01113","2025-01-17","YouTube","Image","Synthetic social media update","#marketing #technology","18068","36433","1236","61","160","10204","39","13","neutral","17"
"post_01114","2025-11-01","Instagram","Short","Synthetic social media update","#news #growth","9066","11241","452","63","68","13660","15","5","negative","19"
"post_01115","2025-09-01","X/Twitter","Short","Synthetic social media update","#learning #community","27226","38252","1651","168","93","12928","55","18","neutral","4"
"post_01116","2025-10-09","Instagram","Video","Synthetic social media update","#marketing #community","16636","35198","1462","61","186","13384","46","15","neutral","15"
"post_01117","2025-08-14","LinkedIn","Image","Synthetic social media update","#technology #business","16004","31903","527","39","79","12712","17","6","negative","9"
"post_01118","2025-11-14","YouTube","Text","Synthetic social media update","#news #community","14374","26613","785","87","83","13816","26","9","negative","4"
"post_01119","2025-02-12","LinkedIn","Text","Synthetic social media update","#growth #technology","4553","8340","310","55","16","10516","11","4","neutral","13"
"post_01120","2025-04-18","LinkedIn","Video","Synthetic social media update","#marketing #growth","10137","25235","785","119","124","11296","27","9","neutral","20"
"post_01121","2025-03-21","Facebook","Text","Synthetic social media update","#business #analytics","15159","20116","741","98","70","10960","25","8","negative","5"
"post_01122","2025-05-09","Facebook","Video","Synthetic social media update","#business #news","16844","36050","1368","125","154","11548","45","15","neutral","0"
"post_01123","2025-03-21","Instagram","Reel","Synthetic social media update","#learning #growth","6131","10916","587","34","35","10960","19","6","positive","20"
"post_01124","2025-10-06","Facebook","Text","Synthetic social media update","#community #technology","1895","4685","153","12","22","13348","5","2","neutral","21"
"post_01125","2026-02-15","YouTube","Image","Synthetic social media update","#technology #community","8885","21130","841","113","115","10552","29","10","positive","16"
"post_01126","2025-05-03","Instagram","Carousel","Synthetic social media update","#technology #business","21113","41763","871","172","97","11476","31","10","negative","15"
"post_01127","2025-02-28","YouTube","Image","Synthetic social media update","#technology #learning","18959","33840","1822","297","217","10708","64","21","positive","21"
"post_01128","2025-07-10","Facebook","Short","Synthetic social media update","#community #marketing","4995","11168","474","91","30","12292","17","6","negative","8"
"post_01129","2025-04-15","YouTube","Carousel","Synthetic social media update","#learning #growth","18369","45296","1360","86","179","11260","43","14","negative","21"
"post_01130","2025-10-22","Facebook","Carousel","Synthetic social media update","#learning #analytics","23002","46950","1722","145","245","13540","56","19","positive","10"
"post_01131","2025-01-19","LinkedIn","Carousel","Synthetic social media update","#news #analytics","8398","18805","812","76","80","10228","27","9","negative","21"
"post_01132","2025-03-29","X/Twitter","Live","Synthetic social media update","#learning #community","13647","28282","1330","256","100","11056","48","16","positive","1"
"post_01133","2025-11-07","LinkedIn","Short","Synthetic social media update","#technology #news","8725","10796","836","48","78","13732","27","9","neutral","13"
"post_01134","2025-09-02","Instagram","Text","Synthetic social media update","#technology #news","10530","19781","589","106","53","12940","21","7","positive","18"
"post_01135","2025-04-08","X/Twitter","Image","Synthetic social media update","#community #analytics","21255","49503","2190","338","107","11176","76","25","positive","21"
"post_01136","2025-10-04","LinkedIn","Video","Synthetic social media update","#marketing #business","23161","49269","795","48","115","13324","25","8","neutral","10"
"post_01137","2025-11-28","LinkedIn","Reel","Synthetic social media update","#technology #growth","10992","26396","421","22","45","13984","13","4","positive","2"
"post_01138","2026-03-15","Facebook","Live","Synthetic social media update","#analytics #community","25783","60878","904","173","116","10888","32","11","negative","8"
"post_01139","2025-02-19","LinkedIn","Text","Synthetic social media update","#marketing #community","29082","56479","2287","402","105","10600","81","27","positive","6"
"post_01140","2025-04-01","LinkedIn","Short","Synthetic social media update","#analytics #business","2102","4518","124","7","18","11092","4","1","positive","14"
"post_01141","2026-01-14","Instagram","Carousel","Synthetic social media update","#learning #community","28580","61390","1124","57","89","10168","35","12","negative","16"
"post_01142","2025-02-18","YouTube","Image","Synthetic social media update","#news #growth","10387","15332","948","65","76","10588","30","10","positive","17"
"post_01143","2025-04-27","LinkedIn","Image","Synthetic social media update","#marketing #business","27469","64478","2945","444","398","11404","102","34","neutral","11"
"post_01144","2026-03-07","Instagram","Image","Synthetic social media update","#marketing #technology","16113","22942","1753","260","277","10792","60","20","positive","20"
"post_01145","2025-09-04","Facebook","Reel","Synthetic social media update","#technology #analytics","5870","13030","568","109","53","12964","20","7","negative","6"
"post_01146","2025-03-26","X/Twitter","Text","Synthetic social media update","#business #news","10822","24826","1080","54","131","11020","34","11","negative","23"
"post_01147","2025-07-12","YouTube","Reel","Synthetic social media update","#marketing #news","22915","52769","747","64","101","12316","24","8","positive","8"
"post_01148","2025-02-10","Instagram","Video","Synthetic social media update","#technology #learning","6660","11867","620","76","37","10492","21","7","neutral","1"
"post_01149","2025-01-07","YouTube","Image","Synthetic social media update","#business #learning","9894","24288","468","49","22","10084","16","5","neutral","15"
"post_01150","2026-02-23","LinkedIn","Video","Synthetic social media update","#news #growth","13420","17485","708","131","45","10648","25","8","positive","3"
"post_01151","2025-09-07","Instagram","Text","Synthetic social media update","#analytics #growth","6298","14141","689","83","50","13000","23","8","neutral","13"
"post_01152","2025-06-12","LinkedIn","Carousel","Synthetic social media update","#community #growth","29172","70852","1388","94","44","11956","44","15","negative","12"
"post_01153","2025-10-16","Instagram","Live","Synthetic social media update","#analytics #news","13163","32697","517","103","19","13468","19","6","positive","21"
"post_01154","2026-02-07","YouTube","Video","Synthetic social media update","#technology #business","16358","27976","1640","197","197","10456","55","18","positive","7"
"post_01155","2025-11-22","Instagram","Carousel","Synthetic social media update","#growth #community","9457","14028","348","52","33","13912","12","4","neutral","5"
"post_01156","2025-02-19","LinkedIn","Carousel","Synthetic social media update","#community #analytics","15516","39688","966","72","100","10600","31","10","neutral","1"
"post_01157","2025-01-01","Facebook","Carousel","Synthetic social media update","#analytics #growth","20320","29308","773","115","24","10012","27","9","negative","2"
"post_01158","2025-11-23","Facebook","Text","Synthetic social media update","#news #business","24889","59400","1877","301","196","13924","65","22","neutral","8"
"post_01159","2025-07-14","Facebook","Short","Synthetic social media update","#technology #business","24254","55579","2656","478","295","12340","94","31","negative","3"
"post_01160","2025-10-28","LinkedIn","Short","Synthetic social media update","#business #analytics","10070","21672","521","75","53","13612","18","6","positive","4"
"post_01161","2025-07-04","X/Twitter","Carousel","Synthetic social media update","#news #business","15221","33395","1218","95","166","12220","39","13","positive","22"
"post_01162","2025-10-23","X/Twitter","Short","Synthetic social media update","#business #marketing","19520","24353","1378","186","168","13552","47","16","neutral","16"
"post_01163","2025-04-13","Instagram","Video","Synthetic social media update","#marketing #community","13579","21069","1254","203","95","11236","44","15","positive","13"
"post_01164","2026-02-21","Instagram","Live","Synthetic social media update","#learning #business","27924","42041","2507","168","318","10624","80","27","neutral","4"
"post_01165","2025-12-09","Instagram","Live","Synthetic social media update","#technology #learning","14842","31500","460","35","19","14116","15","5","negative","19"
"post_01166","2025-11-06","LinkedIn","Reel","Synthetic social media update","#marketing #technology","28983","62180","1683","190","111","13720","56","19","positive","17"
"post_01167","2026-01-29","LinkedIn","Reel","Synthetic social media update","#analytics #business","1537","3365","102","16","4","10348","4","1","positive","21"
"post_01168","2025-06-04","LinkedIn","Reel","Synthetic social media update","#community #news","27648","55212","1204","76","96","11860","38","13","negative","10"
"post_01169","2025-09-10","X/Twitter","Text","Synthetic social media update","#news #business","26314","57054","2823","418","409","13036","97","32","neutral","13"
"post_01170","2025-05-14","LinkedIn","Image","Synthetic social media update","#community #learning","10040","23691","997","118","128","11608","33","11","neutral","0"
"post_01171","2025-04-27","Instagram","Carousel","Synthetic social media update","#marketing #business","14507","19207","1400","159","163","11404","47","16","negative","19"
"post_01172","2025-04-05","Instagram","Text","Synthetic social media update","#news #growth","5524","8830","250","18","11","11140","8","3","positive","1"
"post_01173","2025-12-20","LinkedIn","Carousel","Synthetic social media update","#technology #learning","18341","36029","1211","199","191","14248","42","14","positive","1"
"post_01174","2025-11-06","YouTube","Reel","Synthetic social media update","#growth #technology","5763","14823","353","31","53","13720","12","4","neutral","0"
"post_01175","2025-08-18","Instagram","Short","Synthetic social media update","#growth #technology","11720","19823","557","38","76","12760","18","6","negative","2"
"post_01176","2025-11-03","YouTube","Reel","Synthetic social media update","#growth #marketing","8227","11826","500","84","31","13684","18","6","negative","0"
"post_01177","2025-01-24","Facebook","Image","Synthetic social media update","#business #growth","4354","5772","416","51","21","10288","14","5","positive","18"
"post_01178","2026-02-13","YouTube","Image","Synthetic social media update","#learning #business","16911","38273","1543","81","141","10528","49","16","positive","9"
"post_01179","2025-05-04","LinkedIn","Text","Synthetic social media update","#analytics #community","11973","19301","657","123","86","11488","23","8","neutral","18"
"post_01180","2025-09-27","Instagram","Short","Synthetic social media update","#analytics #growth","29674","68034","942","172","121","13240","33","11","negative","13"
"post_01181","2025-11-13","Instagram","Short","Synthetic social media update","#news #learning","7508","11395","470","36","28","13804","15","5","neutral","11"
"post_01182","2025-05-21","YouTube","Reel","Synthetic social media update","#business #growth","22604","47947","837","148","101","11692","30","10","negative","19"
"post_01183","2026-02-16","X/Twitter","Live","Synthetic social media update","#business #analytics","6057","9427","596","72","32","10564","20","7","positive","12"
"post_01184","2026-02-02","YouTube","Text","Synthetic social media update","#growth #community","20820","30823","1053","83","38","10396","34","11","positive","23"
"post_01185","2025-02-07","X/Twitter","Reel","Synthetic social media update","#news #technology","14615","22030","747","96","116","10456","25","8","negative","21"
"post_01186","2025-03-18","Instagram","Image","Synthetic social media update","#technology #analytics","19713","34985","2088","131","175","10924","67","22","negative","8"
"post_01187","2026-02-13","Instagram","Live","Synthetic social media update","#analytics #growth","18672","25201","2042","290","136","10528","70","23","negative","11"
"post_01188","2026-01-21","LinkedIn","Reel","Synthetic social media update","#growth #analytics","21935","52162","1034","74","39","10252","33","11","negative","21"
"post_01189","2025-05-19","Facebook","Live","Synthetic social media update","#analytics #growth","11381","22660","957","71","118","11668","31","10","neutral","17"
"post_01190","2025-02-22","LinkedIn","Text","Synthetic social media update","#analytics #learning","3140","4654","102","16","14","10636","4","1","negative","11"
"post_01191","2025-10-13","YouTube","Live","Synthetic social media update","#analytics #technology","2542","3954","149","23","12","13432","5","2","negative","10"
"post_01192","2025-12-08","Instagram","Text","Synthetic social media update","#business #analytics","2927","4915","171","9","19","14104","5","2","neutral","22"
"post_01193","2025-12-20","LinkedIn","Short","Synthetic social media update","#news #business","11821","24329","375","26","44","14248","12","4","neutral","16"
"post_01194","2025-08-15","YouTube","Live","Synthetic social media update","#business #technology","9208","14922","302","45","18","12724","10","3","neutral","23"
"post_01195","2026-03-19","LinkedIn","Reel","Synthetic social media update","#marketing #growth","29534","67021","965","78","46","10936","31","10","positive","17"
"post_01196","2026-03-03","Instagram","Reel","Synthetic social media update","#technology #analytics","21323","36283","1842","237","172","10744","62","21","positive","0"
"post_01197","2025-03-25","Instagram","Short","Synthetic social media update","#learning #community","28062","42211","1743","132","99","11008","56","19","neutral","0"
"post_01198","2025-11-01","LinkedIn","Carousel","Synthetic social media update","#marketing #analytics","28899","50387","3121","355","330","13660","104","35","neutral","8"
"post_01199","2025-12-16","Instagram","Live","Synthetic social media update","#analytics #news","22874","48694","1418","248","151","14200","50","17","negative","13"
"post_01200","2025-08-08","Instagram","Live","Synthetic social media update","#technology #growth","24654","36521","2575","103","378","12640","80","27","positive","13"
"post_01201","2026-01-05","Instagram","Live","Synthetic social media update","#community #news","2449","3988","87","14","4","10060","3","1","negative","17"
"post_01202","2025-04-21","LinkedIn","Image","Synthetic social media update","#marketing #business","8637","20145","356","22","53","11332","11","4","positive","12"
"post_01203","2025-09-12","X/Twitter","Reel","Synthetic social media update","#community #marketing","16960","32885","1151","46","42","13060","36","12","neutral","0"
"post_01204","2026-03-20","Facebook","Carousel","Synthetic social media update","#growth #technology","16321","38849","1433","87","74","10948","46","15","negative","16"
"post_01205","2025-10-10","X/Twitter","Video","Synthetic social media update","#growth #business","10729","12959","761","42","107","13396","24","8","negative","16"
"post_01206","2025-12-25","Instagram","Image","Synthetic social media update","#analytics #community","1687","2453","75","9","5","14308","3","1","negative","13"
"post_01207","2025-01-30","X/Twitter","Text","Synthetic social media update","#community #business","22789","42991","1921","258","131","10360","65","22","positive","12"
"post_01208","2025-01-06","LinkedIn","Image","Synthetic social media update","#marketing #growth","27437","44578","2752","263","300","10072","90","30","positive","0"
"post_01209","2025-06-20","Instagram","Image","Synthetic social media update","#learning #analytics","8045","18463","810","94","99","12052","27","9","negative","8"
"post_01210","2025-04-11","LinkedIn","Live","Synthetic social media update","#news #technology","19063","27841","1933","91","61","11212","61","20","positive","15"
"post_01211","2026-02-24","LinkedIn","Carousel","Synthetic social media update","#analytics #marketing","20231","45699","1926","85","300","10660","60","20","neutral","3"
"post_01212","2026-01-15","LinkedIn","Live","Synthetic social media update","#growth #technology","6842","8511","704","105","93","10180","24","8","positive","20"
"post_01213","2025-04-03","LinkedIn","Reel","Synthetic social media update","#news #marketing","10256","19466","441","87","59","11116","16","5","positive","0"
"post_01214","2026-01-15","YouTube","Carousel","Synthetic social media update","#learning #community","4401","6445","333","56","35","10180","12","4","neutral","10"
"post_01215","2026-01-25","Facebook","Live","Synthetic social media update","#learning #marketing","15928","20557","896","162","125","10300","32","11","neutral","17"
"post_01216","2025-04-05","YouTube","Live","Synthetic social media update","#technology #news","14143","19854","476","41","28","11140","16","5","positive","12"
"post_01217","2026-01-12","YouTube","Reel","Synthetic social media update","#growth #news","10003","12352","698","81","51","10144","23","8","negative","15"
"post_01218","2025-02-22","Instagram","Text","Synthetic social media update","#marketing #growth","1359","2824","116","22","17","10636","4","1","neutral","23"
"post_01219","2025-05-10","Instagram","Short","Synthetic social media update","#community #marketing","24536","36089","1860","181","81","11560","61","20","negative","1"
"post_01220","2025-05-07","Facebook","Reel","Synthetic social media update","#business #marketing","18407","30512","1478","68","87","11524","46","15","negative","0"
"post_01221","2026-01-25","Facebook","Short","Synthetic social media update","#community #business","18335","29833","700","103","55","10300","24","8","neutral","18"
"post_01222","2025-02-27","Facebook","Text","Synthetic social media update","#learning #community","7274","18154","617","73","73","10696","21","7","positive","17"
"post_01223","2025-03-06","YouTube","Image","Synthetic social media update","#analytics #community","11246","13546","818","121","121","10780","28","9","negative","9"
"post_01224","2025-10-26","X/Twitter","Reel","Synthetic social media update","#community #learning","4929","7215","437","40","30","13588","14","5","neutral","17"
"post_01225","2026-02-16","LinkedIn","Short","Synthetic social media update","#technology #news","28379","52784","2799","556","186","10564","101","34","neutral","21"
"post_01226","2025-03-03","YouTube","Carousel","Synthetic social media update","#community #analytics","26394","34656","1820","194","259","10744","60","20","neutral","1"
"post_01227","2025-07-15","X/Twitter","Carousel","Synthetic social media update","#learning #growth","3943","4836","253","45","40","12352","9","3","negative","11"
"post_01228","2025-06-14","Instagram","Reel","Synthetic social media update","#learning #business","25140","30502","1077","141","130","11980","37","12","positive","11"
"post_01229","2025-09-05","YouTube","Reel","Synthetic social media update","#growth #news","8195","18261","442","46","68","12976","15","5","positive","15"
"post_01230","2025-05-25","Facebook","Video","Synthetic social media update","#news #growth","9081","15146","377","52","54","11740","13","4","positive","12"
"post_01231","2026-03-25","Instagram","Video","Synthetic social media update","#community #marketing","17097","38629","1802","321","72","11008","64","21","negative","17"
"post_01232","2026-02-22","X/Twitter","Short","Synthetic social media update","#analytics #technology","16056","34402","531","49","36","10636","17","6","neutral","19"
"post_01233","2025-01-11","LinkedIn","Video","Synthetic social media update","#community #technology","5769","14494","590","115","46","10132","21","7","neutral","16"
"post_01234","2025-09-09","X/Twitter","Carousel","Synthetic social media update","#growth #analytics","15813","30762","1147","70","101","13024","37","12","neutral","7"
"post_01235","2025-07-18","YouTube","Video","Synthetic social media update","#growth #learning","22216","45514","1729","236","194","12388","59","20","positive","5"
"post_01236","2026-01-08","YouTube","Video","Synthetic social media update","#analytics #marketing","15276","35976","544","89","79","10096","19","6","neutral","15"
"post_01237","2026-03-18","Facebook","Image","Synthetic social media update","#business #growth","5723","7463","274","27","21","10924","9","3","positive","23"
"post_01238","2026-02-17","LinkedIn","Short","Synthetic social media update","#news #technology","11594","24281","995","153","59","10576","34","11","neutral","13"
"post_01239","2025-05-17","YouTube","Short","Synthetic social media update","#business #marketing","26236","31530","1268","150","175","11644","43","14","negative","10"
"post_01240","2025-12-14","YouTube","Text","Synthetic social media update","#news #learning","10751","25792","1133","79","54","14176","36","12","negative","12"
"post_01241","2025-04-20","YouTube","Reel","Synthetic social media update","#technology #analytics","10648","15265","1118","147","155","11320","38","13","neutral","19"
"post_01242","2025-06-11","Facebook","Video","Synthetic social media update","#business #news","11207","16558","901","142","79","11944","31","10","positive","22"
"post_01243","2025-12-01","Facebook","Carousel","Synthetic social media update","#learning #business","7496","9326","624","51","90","14020","20","7","neutral","10"
"post_01244","2025-08-21","Facebook","Carousel","Synthetic social media update","#learning #community","10420","17825","364","60","18","12796","13","4","positive","22"
"post_01245","2025-10-27","X/Twitter","Text","Synthetic social media update","#analytics #technology","3468","6724","165","33","13","13600","6","2","positive","16"
"post_01246","2025-04-06","X/Twitter","Live","Synthetic social media update","#community #analytics","23393","40995","2043","369","307","11152","72","24","negative","15"
"post_01247","2025-11-05","X/Twitter","Short","Synthetic social media update","#business #analytics","9210","23090","847","58","39","13708","27","9","negative","6"
"post_01248","2026-01-23","Facebook","Image","Synthetic social media update","#growth #news","8967","17642","328","58","16","10276","12","4","positive","0"
"post_01249","2025-11-04","LinkedIn","Carousel","Synthetic social media update","#growth #community","7140","12158","654","94","57","13696","22","7","positive","14"
"post_01250","2025-03-25","LinkedIn","Short","Synthetic social media update","#growth #business","8418","20981","900","158","135","11008","32","11","negative","7"
"post_01251","2025-01-21","LinkedIn","Carousel","Synthetic social media update","#learning #news","25777","54320","2058","301","241","10252","71","24","positive","16"
"post_01252","2026-01-25","X/Twitter","Carousel","Synthetic social media update","#news #marketing","29716","57810","2743","264","253","10300","90","30","neutral","12"
"post_01253","2025-02-27","X/Twitter","Short","Synthetic social media update","#growth #analytics","4113","4991","452","79","36","10696","16","5","positive","7"
"post_01254","2025-04-17","LinkedIn","Video","Synthetic social media update","#learning #technology","28788","53537","2722","314","120","11284","91","30","positive","14"
"post_01255","2025-02-18","LinkedIn","Short","Synthetic social media update","#marketing #business","22808","49974","1525","176","117","10588","51","17","negative","11"
"post_01256","2025-10-05","YouTube","Carousel","Synthetic social media update","#news #marketing","6317","8728","349","20","15","13336","11","4","neutral","20"
"post_01257","2025-12-23","YouTube","Text","Synthetic social media update","#growth #news","14200","25641","1466","174","71","14284","49","16","neutral","4"
"post_01258","2025-05-21","YouTube","Image","Synthetic social media update","#technology #community","12811","25658","537","102","23","11692","19","6","negative","15"
"post_01259","2025-08-28","Facebook","Text","Synthetic social media update","#community #technology","21425","27332","2126","273","291","12880","72","24","neutral","15"
"post_01260","2025-11-14","YouTube","Live","Synthetic social media update","#technology #community","24330","36495","2332","212","210","13816","76","25","neutral","20"
"post_01261","2026-03-18","YouTube","Live","Synthetic social media update","#business #community","5881","7077","348","34","31","10924","11","4","neutral","0"
"post_01262","2025-06-24","Instagram","Reel","Synthetic social media update","#marketing #business","10521","21911","571","79","27","12100","20","6","neutral","14"
"post_01263","2025-06-15","X/Twitter","Image","Synthetic social media update","#marketing #community","15053","20998","1585","131","128","11992","51","17","negative","14"
"post_01264","2026-01-13","Facebook","Live","Synthetic social media update","#community #analytics","20639","35289","940","121","46","10156","32","11","negative","8"
"post_01265","2025-08-18","Instagram","Short","Synthetic social media update","#analytics #growth","8480","13597","717","125","68","12760","25","8","positive","12"
"post_01266","2025-04-07","Instagram","Short","Synthetic social media update","#analytics #learning","14739","18512","797","63","38","11164","26","9","neutral","5"
"post_01267","2025-02-14","LinkedIn","Carousel","Synthetic social media update","#marketing #analytics","6895","16052","712","44","95","10540","23","8","neutral","3"
"post_01268","2025-12-07","Facebook","Short","Synthetic social media update","#growth #marketing","3496","6802","176","31","7","14092","6","2","positive","19"
"post_01269","2025-02-17","X/Twitter","Image","Synthetic social media update","#marketing #learning","11791","18494","957","136","60","10576","33","11","neutral","9"
"post_01270","2026-03-09","Facebook","Image","Synthetic social media update","#technology #marketing","8010","18771","582","98","48","10816","20","7","positive","8"
"post_01271","2025-09-04","Instagram","Text","Synthetic social media update","#community #news","22805","44552","2051","223","206","12964","68","23","positive","5"
"post_01272","2025-07-25","Instagram","Text","Synthetic social media update","#technology #community","4568","5776","256","46","30","12472","9","3","positive","13"
"post_01273","2025-05-07","LinkedIn","Reel","Synthetic social media update","#analytics #learning","6343","8046","357","35","40","11524","12","4","neutral","13"
"post_01274","2025-07-24","Facebook","Video","Synthetic social media update","#growth #technology","8538","20843","296","16","45","12460","9","3","positive","14"
"post_01275","2025-04-06","Instagram","Short","Synthetic social media update","#marketing #technology","27814","33934","2552","436","365","11152","90","30","positive","21"
"post_01276","2025-10-31","Instagram","Carousel","Synthetic social media update","#technology #news","2884","7377","238","29","15","13648","8","3","positive","10"
"post_01277","2025-06-29","LinkedIn","Reel","Synthetic social media update","#technology #analytics","23336","59937","708","133","59","12160","25","8","negative","1"
"post_01278","2025-04-22","LinkedIn","Short","Synthetic social media update","#analytics #growth","11252","21454","502","34","47","11344","16","5","neutral","9"
"post_01279","2025-08-21","Facebook","Text","Synthetic social media update","#analytics #news","26679","36670","1466","80","234","12796","46","15","positive","14"
"post_01280","2025-09-04","LinkedIn","Live","Synthetic social media update","#technology #business","7614","12047","477","65","59","12964","16","5","neutral","22"
"post_01281","2026-01-20","Facebook","Live","Synthetic social media update","#learning #news","20429","50230","1837","179","278","10240","60","20","negative","21"
"post_01282","2025-08-09","Instagram","Short","Synthetic social media update","#growth #technology","27429","36772","2820","199","216","12652","91","30","neutral","11"
"post_01283","2026-02-20","LinkedIn","Carousel","Synthetic social media update","#community #growth","16155","23801","1031","196","73","10612","37","12","neutral","22"
"post_01284","2025-09-22","Facebook","Video","Synthetic social media update","#technology #analytics","17464","32301","674","91","78","13180","23","8","neutral","3"
"post_01285","2026-03-10","Instagram","Image","Synthetic social media update","#technology #learning","4451","8783","316","16","27","10828","10","3","positive","7"
"post_01286","2025-04-08","YouTube","Text","Synthetic social media update","#news #marketing","1229","2210","127","7","12","11176","4","1","negative","5"
"post_01287","2026-01-04","Instagram","Short","Synthetic social media update","#community #technology","9758","25233","325","56","17","10048","11","4","negative","19"
"post_01288","2025-05-26","Facebook","Live","Synthetic social media update","#marketing #analytics","15638","24344","1411","244","51","11752","50","17","negative","0"
"post_01289","2025-06-12","Facebook","Short","Synthetic social media update","#analytics #news","22197","44551","1263","215","103","11956","44","15","negative","15"
"post_01290","2026-03-27","Instagram","Video","Synthetic social media update","#growth #news","10477","26366","1078","116","53","11032","36","12","positive","1"
"post_01291","2025-11-12","LinkedIn","Reel","Synthetic social media update","#news #growth","29977","48976","2542","244","296","13792","84","28","negative","6"
"post_01292","2025-02-08","Instagram","Video","Synthetic social media update","#community #marketing","26828","40528","1432","121","203","10468","47","16","neutral","23"
"post_01293","2025-04-14","Facebook","Text","Synthetic social media update","#news #learning","24589","51435","1223","107","144","11248","40","13","neutral","14"
"post_01294","2025-05-31","X/Twitter","Image","Synthetic social media update","#technology #learning","10172","24711","680","37","22","11812","22","7","positive","1"
"post_01295","2026-03-26","Instagram","Image","Synthetic social media update","#analytics #community","17493","28984","1813","307","247","11020","64","21","positive","0"
"post_01296","2025-10-16","Facebook","Live","Synthetic social media update","#growth #analytics","25660","64366","1335","118","56","13468","44","15","negative","18"
"post_01297","2025-06-26","X/Twitter","Image","Synthetic social media update","#learning #marketing","27805","37257","1721","335","71","12124","62","21","negative","10"
"post_01298","2025-04-04","YouTube","Live","Synthetic social media update","#analytics #technology","29358","66813","1061","99","69","11128","35","12","positive","21"
"post_01299","2025-07-19","Facebook","Carousel","Synthetic social media update","#learning #news","28833","47804","2637","427","124","12400","92","31","neutral","0"
"post_01300","2025-03-14","LinkedIn","Image","Synthetic social media update","#growth #news","20059","35226","1110","66","87","10876","35","12","positive","4"
"post_01301","2026-03-11","X/Twitter","Short","Synthetic social media update","#marketing #technology","25037","64991","1494","199","190","10840","51","17","negative","18"
"post_01302","2026-03-06","Instagram","Carousel","Synthetic social media update","#marketing #analytics","10108","22841","1040","95","89","10780","34","11","positive","3"
"post_01303","2025-10-17","LinkedIn","Short","Synthetic social media update","#analytics #community","8863","17070","417","29","59","13480","13","4","positive","15"
"post_01304","2026-03-11","LinkedIn","Live","Synthetic social media update","#community #learning","28190","64354","2464","398","220","10840","86","29","neutral","14"
"post_01305","2025-03-27","Instagram","Image","Synthetic social media update","#community #analytics","3788","8848","153","22","5","11032","5","2","neutral","17"
"post_01306","2026-03-30","X/Twitter","Text","Synthetic social media update","#learning #analytics","16449","34133","653","127","76","11068","23","8","positive","14"
"post_01307","2025-03-28","X/Twitter","Video","Synthetic social media update","#growth #analytics","24767","33325","2696","174","336","11044","86","29","neutral","14"
"post_01308","2025-03-11","LinkedIn","Text","Synthetic social media update","#analytics #learning","29097","74140","2325","354","132","10840","80","27","positive","3"
"post_01309","2025-09-07","Instagram","Image","Synthetic social media update","#news #analytics","20271","26189","1024","97","115","13000","34","11","negative","19"
"post_01310","2025-12-11","Instagram","Short","Synthetic social media update","#growth #marketing","12563","27984","842","139","113","14140","29","10","positive","2"
"post_01311","2026-03-21","LinkedIn","Live","Synthetic social media update","#analytics #learning","18221","28808","740","35","65","10960","23","8","positive","21"
"post_01312","2025-07-11","X/Twitter","Text","Synthetic social media update","#analytics #technology","2967","6348","101","15","9","12304","3","1","neutral","13"
"post_01313","2025-10-20","Facebook","Text","Synthetic social media update","#technology #business","25359","57748","866","39","82","13516","27","9","positive","12"
"post_01314","2026-01-18","LinkedIn","Reel","Synthetic social media update","#community #technology","5742","8328","452","33","62","10216","15","5","negative","12"
"post_01315","2025-04-06","LinkedIn","Carousel","Synthetic social media update","#news #marketing","12492","16572","376","39","28","11152","12","4","positive","8"
"post_01316","2025-12-23","YouTube","Image","Synthetic social media update","#technology #community","14579","25146","972","82","111","14284","32","11","positive","13"
"post_01317","2025-02-14","Facebook","Text","Synthetic social media update","#technology #marketing","2995","4939","214","18","30","10540","7","2","negative","11"
"post_01318","2026-01-19","LinkedIn","Video","Synthetic social media update","#community #learning","11230","27486","1006","65","96","10228","32","11","positive","20"
"post_01319","2025-10-23","X/Twitter","Carousel","Synthetic social media update","#technology #business","21940","38135","1559","256","108","13552","54","18","neutral","16"
"post_01320","2025-05-31","Facebook","Reel","Synthetic social media update","#community #analytics","13592","17985","1123","84","121","11812","36","12","neutral","21"
"post_01321","2025-11-24","Facebook","Image","Synthetic social media update","#analytics #news","15706","36833","1646","79","261","13936","52","17","neutral","17"
"post_01322","2025-05-18","X/Twitter","Short","Synthetic social media update","#growth #news","26900","33944","1688","108","107","11656","54","18","neutral","13"
"post_01323","2025-12-04","LinkedIn","Reel","Synthetic social media update","#analytics #business","4720","10321","250","26","28","14056","8","3","neutral","16"
"post_01324","2025-08-27","Facebook","Carousel","Synthetic social media update","#marketing #growth","4470","11072","166","24","22","12868","6","2","positive","18"
"post_01325","2025-07-31","X/Twitter","Reel","Synthetic social media update","#business #analytics","12667","28394","946","159","141","12544","33","11","neutral","0"
"post_01326","2025-08-20","LinkedIn","Reel","Synthetic social media update","#analytics #marketing","4990","9500","444","25","37","12784","14","5","neutral","5"
"post_01327","2025-09-04","Facebook","Video","Synthetic social media update","#technology #marketing","6769","12072","605","59","77","12964","20","7","positive","19"
"post_01328","2025-12-06","YouTube","Carousel","Synthetic social media update","#analytics #growth","3665","5494","389","47","52","14080","13","4","positive","13"
"post_01329","2025-08-10","Facebook","Live","Synthetic social media update","#growth #marketing","6414","15550","481","20","70","12664","15","5","negative","9"
"post_01330","2026-03-26","YouTube","Video","Synthetic social media update","#marketing #news","8133","15019","280","34","22","11020","9","3","negative","15"
"post_01331","2025-04-03","Instagram","Reel","Synthetic social media update","#learning #community","9081","16494","367","51","25","11116","13","4","negative","4"
"post_01332","2025-04-20","YouTube","Video","Synthetic social media update","#growth #analytics","22332","56073","789","96","86","11320","27","9","negative","15"
"post_01333","2025-12-01","Facebook","Live","Synthetic social media update","#learning #news","24662","29972","1710","98","197","14020","54","18","positive","0"
"post_01334","2025-07-23","Instagram","Carousel","Synthetic social media update","#learning #business","11624","20479","749","146","116","12448","27","9","neutral","1"
"post_01335","2026-03-07","X/Twitter","Reel","Synthetic social media update","#business #marketing","5108","12960","434","21","32","10792","14","5","negative","4"
"post_01336","2025-09-05","LinkedIn","Carousel","Synthetic social media update","#business #analytics","27845","38237","2467","172","224","12976","79","26","negative","18"
"post_01337","2025-01-11","LinkedIn","Video","Synthetic social media update","#business #news","22350","44554","855","166","97","10132","31","10","neutral","7"
"post_01338","2025-02-13","Facebook","Video","Synthetic social media update","#marketing #community","21012","51486","666","29","36","10528","21","7","negative","3"
"post_01339","2025-07-17","X/Twitter","Text","Synthetic social media update","#analytics #news","15249","31705","1124","173","108","12376","39","13","negative","15"
"post_01340","2025-04-23","Facebook","Short","Synthetic social media update","#learning #growth","1984","5031","216","23","8","11356","7","2","neutral","0"
"post_01341","2025-11-25","Facebook","Short","Synthetic social media update","#learning #community","3447","4790","377","57","38","13948","13","4","neutral","21"
"post_01342","2025-11-18","Instagram","Text","Synthetic social media update","#business #news","11258","27896","563","46","50","13864","18","6","negative","4"
"post_01343","2025-06-27","Facebook","Image","Synthetic social media update","#learning #marketing","2694","6424","208","32","22","12136","7","2","negative","16"
"post_01344","2025-09-27","LinkedIn","Video","Synthetic social media update","#marketing #learning","12835","28833","402","16","15","13240","13","4","negative","12"
"post_01345","2026-01-21","Instagram","Carousel","Synthetic social media update","#growth #community","27918","43689","1378","260","192","10252","49","16","negative","18"
"post_01346","2025-11-26","LinkedIn","Image","Synthetic social media update","#technology #marketing","19785","40139","1017","106","141","13960","34","11","negative","11"
"post_01347","2025-05-04","Instagram","Text","Synthetic social media update","#marketing #growth","10073","20354","882","145","109","11488","31","10","neutral","8"
"post_01348","2025-04-23","YouTube","Text","Synthetic social media update","#marketing #learning","10955","13215","523","27","35","11356","16","6","neutral","19"
"post_01349","2025-10-28","LinkedIn","Carousel","Synthetic social media update","#learning #business","29465","43894","2333","414","210","13612","82","27","positive","3"
"post_01350","2025-10-07","Instagram","Reel","Synthetic social media update","#technology #analytics","7664","13600","680","78","104","13360","23","8","positive","5"
"post_01351","2025-07-31","YouTube","Video","Synthetic social media update","#news #growth","16559","29628","1174","98","144","12544","38","13","negative","10"
"post_01352","2025-03-27","Instagram","Short","Synthetic social media update","#growth #technology","25181","46036","1541","255","174","11032","54","18","negative","16"
"post_01353","2026-01-27","YouTube","Reel","Synthetic social media update","#marketing #technology","21989","32005","803","129","71","10324","28","9","neutral","14"
"post_01354","2025-12-08","Instagram","Live","Synthetic social media update","#technology #business","11212","21708","740","104","61","14104","25","8","negative","11"
"post_01355","2025-06-05","Instagram","Image","Synthetic social media update","#business #community","28608","51129","2006","187","238","11872","66","22","negative","20"
"post_01356","2026-03-08","LinkedIn","Reel","Synthetic social media update","#marketing #news","11078","16388","464","70","63","10804","16","5","negative","10"
"post_01357","2025-12-11","LinkedIn","Reel","Synthetic social media update","#business #community","20571","36882","709","55","25","14140","23","8","negative","9"
"post_01358","2025-12-13","YouTube","Image","Synthetic social media update","#marketing #news","11305","21373","988","83","124","14164","32","11","negative","5"
"post_01359","2025-12-07","Instagram","Image","Synthetic social media update","#analytics #business","20157","36843","2081","295","108","14092","71","24","neutral","4"
"post_01360","2025-12-09","LinkedIn","Video","Synthetic social media update","#business #technology","21688","29249","1556","214","93","14116","53","18","positive","21"
"post_01361","2025-05-03","YouTube","Video","Synthetic social media update","#analytics #marketing","3262","5545","246","38","24","11476","9","3","positive","15"
"post_01362","2026-02-02","LinkedIn","Carousel","Synthetic social media update","#community #business","21519","30376","1823","303","100","10396","64","21","negative","18"
"post_01363","2025-07-10","Instagram","Text","Synthetic social media update","#learning #business","19289","30307","2032","139","71","12292","65","22","positive","20"
"post_01364","2025-02-18","Instagram","Text","Synthetic social media update","#marketing #business","28624","44947","1889","322","301","10588","66","22","neutral","2"
"post_01365","2025-03-28","Instagram","Short","Synthetic social media update","#community #growth","10560","18040","982","119","58","11044","33","11","negative","0"
"post_01366","2025-11-30","Facebook","Image","Synthetic social media update","#learning #growth","14815","26181","688","106","24","14008","24","8","neutral","3"
"post_01367","2025-06-26","X/Twitter","Video","Synthetic social media update","#community #technology","16165","19956","1557","147","192","12124","51","17","neutral","6"
"post_01368","2026-01-31","X/Twitter","Live","Synthetic social media update","#technology #business","17512","42838","948","76","123","10372","31","10","positive","20"
"post_01369","2025-07-18","LinkedIn","Text","Synthetic social media update","#marketing #community","3901","5341","331","64","22","12388","12","4","positive","17"
"post_01370","2025-12-03","X/Twitter","Text","Synthetic social media update","#analytics #technology","21459","34631","1508","269","102","14044","53","18","positive","12"
"post_01371","2025-07-23","X/Twitter","Video","Synthetic social media update","#technology #business","5655","12941","595","71","20","12448","20","7","positive","4"
"post_01372","2026-03-10","LinkedIn","Video","Synthetic social media update","#technology #community","21280","38156","1383","58","45","10828","43","14","neutral","20"
"post_01373","2026-01-28","Instagram","Text","Synthetic social media update","#analytics #news","15993","27064","599","43","80","10336","19","6","positive","1"
"post_01374","2025-07-18","LinkedIn","Reel","Synthetic social media update","#learning #technology","12457","16257","1020","163","106","12388","35","12","neutral","3"
"post_01375","2025-03-29","LinkedIn","Reel","Synthetic social media update","#marketing #news","24022","43261","2258","317","76","11056","77","26","negative","6"
"post_01376","2025-08-13","LinkedIn","Live","Synthetic social media update","#growth #business","19498","39466","1189","84","179","12700","38","13","neutral","1"
"post_01377","2025-12-03","X/Twitter","Text","Synthetic social media update","#news #marketing","22410","32131","2442","280","314","14044","82","27","negative","1"
"post_01378","2025-11-10","Facebook","Live","Synthetic social media update","#community #business","19685","36961","2036","264","233","13768","69","23","positive","17"
"post_01379","2025-07-31","Instagram","Carousel","Synthetic social media update","#marketing #learning","17641","39735","1360","77","43","12544","43","14","positive","0"
"post_01380","2025-07-28","LinkedIn","Live","Synthetic social media update","#technology #community","13162","19621","916","77","122","12508","30","10","positive","19"
"post_01381","2025-06-01","LinkedIn","Live","Synthetic social media update","#business #community","17813","41698","608","112","66","11824","22","7","neutral","17"
"post_01382","2026-01-12","Facebook","Reel","Synthetic social media update","#growth #community","18485","25737","1394","129","148","10144","46","15","negative","3"
"post_01383","2026-02-07","Facebook","Image","Synthetic social media update","#analytics #business","18212","43402","1805","205","274","10456","60","20","positive","3"
"post_01384","2025-10-20","X/Twitter","Reel","Synthetic social media update","#marketing #analytics","12119","23088","941","84","149","13516","31","10","negative","12"
"post_01385","2025-11-08","Facebook","Video","Synthetic social media update","#business #analytics","6228","10999","643","65","28","13744","21","7","positive","20"
"post_01386","2025-03-17","X/Twitter","Text","Synthetic social media update","#learning #business","27722","63732","2786","496","338","10912","98","33","positive","17"
"post_01387","2025-09-27","LinkedIn","Short","Synthetic social media update","#technology #business","3262","6144","113","6","15","13240","4","1","neutral","0"
"post_01388","2025-04-28","YouTube","Image","Synthetic social media update","#community #technology","14513","37302","879","71","138","11416","28","10","neutral","16"
"post_01389","2025-08-06","YouTube","Reel","Synthetic social media update","#learning #marketing","29538","66704","3139","184","251","12616","100","33","negative","12"
"post_01390","2025-11-30","X/Twitter","Video","Synthetic social media update","#technology #business","27933","70805","2432","389","242","14008","85","28","negative","2"
"post_01391","2026-01-08","X/Twitter","Text","Synthetic social media update","#learning #marketing","18241","37012","1752","240","61","10096","60","20","neutral","12"
"post_01392","2025-10-14","LinkedIn","Short","Synthetic social media update","#news #analytics","7876","16963","390","43","50","13444","13","4","positive","2"
"post_01393","2026-03-05","X/Twitter","Image","Synthetic social media update","#business #growth","8958","19362","735","45","50","10768","23","8","negative","18"
"post_01394","2025-10-16","X/Twitter","Image","Synthetic social media update","#marketing #technology","25895","45526","2553","399","121","13468","89","30","negative","3"
"post_01395","2025-06-07","Instagram","Short","Synthetic social media update","#growth #marketing","26327","51876","2572","466","110","11896","91","30","positive","16"
"post_01396","2025-05-05","LinkedIn","Short","Synthetic social media update","#news #learning","6226","8538","239","33","27","11500","8","3","negative","22"
"post_01397","2025-11-11","YouTube","Carousel","Synthetic social media update","#technology #community","27263","42235","2803","500","400","13780","99","33","negative","9"
"post_01398","2025-08-24","YouTube","Carousel","Synthetic social media update","#business #technology","23558","31991","2332","437","310","12832","83","28","neutral","10"
"post_01399","2025-12-16","Instagram","Short","Synthetic social media update","#business #growth","14885","31960","1215","217","67","14200","43","14","positive","18"
"post_01400","2025-04-21","Instagram","Image","Synthetic social media update","#technology #analytics","14550","23797","478","75","74","11332","17","6","neutral","23"
"post_01401","2026-03-23","Instagram","Short","Synthetic social media update","#analytics #marketing","5851","7437","629","88","46","10984","22","7","positive","7"
"post_01402","2025-03-26","LinkedIn","Reel","Synthetic social media update","#growth #news","6122","10438","503","66","38","11020","17","6","negative","6"
"post_01403","2025-01-21","X/Twitter","Video","Synthetic social media update","#news #business","4971","6354","318","28","47","10252","10","3","neutral","17"
"post_01404","2025-03-02","LinkedIn","Reel","Synthetic social media update","#news #community","13959","33069","1259","89","132","10732","40","13","positive","12"
"post_01405","2025-01-09","Facebook","Image","Synthetic social media update","#community #business","17452","27729","1108","145","79","10108","38","13","neutral","19"
"post_01406","2025-08-02","YouTube","Text","Synthetic social media update","#news #community","27622","34449","1514","260","114","12568","53","18","positive","17"
"post_01407","2025-11-03","X/Twitter","Video","Synthetic social media update","#marketing #community","6336","9797","301","29","24","13684","10","3","positive","10"
"post_01408","2025-07-30","LinkedIn","Reel","Synthetic social media update","#learning #business","7974","19944","564","70","78","12532","19","6","negative","17"
"post_01409","2026-01-25","LinkedIn","Text","Synthetic social media update","#business #technology","8915","13591","805","80","69","10300","27","9","positive","3"
"post_01410","2026-02-27","LinkedIn","Reel","Synthetic social media update","#marketing #community","25262","36494","1368","112","189","10696","44","15","positive","8"
"post_01411","2025-02-03","Instagram","Image","Synthetic social media update","#marketing #business","11232","26222","766","137","97","10408","27","9","negative","9"
"post_01412","2025-12-22","LinkedIn","Carousel","Synthetic social media update","#analytics #community","26685","33352","2288","124","78","14272","72","24","positive","10"
"post_01413","2026-01-19","LinkedIn","Image","Synthetic social media update","#learning #news","15386","18753","1227","138","104","10228","41","14","positive","22"
"post_01414","2025-04-23","X/Twitter","Text","Synthetic social media update","#technology #marketing","19722","48194","1633","302","214","11356","58","19","neutral","19"
"post_01415","2026-02-08","X/Twitter","Text","Synthetic social media update","#analytics #community","11311","16857","1187","127","70","10468","39","13","negative","3"
"post_01416","2025-04-08","YouTube","Short","Synthetic social media update","#analytics #marketing","15659","26626","665","33","103","11176","21","7","negative","17"
"post_01417","2025-01-12","Facebook","Short","Synthetic social media update","#technology #business","5656","12088","209","20","29","10144","7","2","negative","5"
"post_01418","2025-12-26","YouTube","Video","Synthetic social media update","#analytics #business","16786","37883","787","69","56","14320","26","9","positive","13"
"post_01419","2025-04-03","YouTube","Video","Synthetic social media update","#business #analytics","22029","28743","695","127","103","11116","25","8","negative","11"
"post_01420","2025-10-02","LinkedIn","Carousel","Synthetic social media update","#growth #community","23335","49650","1520","281","193","13300","54","18","positive","6"
"post_01421","2025-10-01","Facebook","Reel","Synthetic social media update","#technology #business","11147","16494","1139","61","117","13288","36","12","negative","7"
"post_01422","2026-01-25","X/Twitter","Video","Synthetic social media update","#learning #technology","16332","22947","1535","119","217","10300","50","17","negative","3"
"post_01423","2025-03-28","Facebook","Short","Synthetic social media update","#community #news","19026","35341","1852","338","293","11044","66","22","positive","2"
"post_01424","2025-05-20","Facebook","Text","Synthetic social media update","#technology #news","28781","55645","2302","339","138","11680","79","26","neutral","19"
"post_01425","2026-03-02","YouTube","Text","Synthetic social media update","#business #community","19366","40275","1924","306","213","10732","67","22","negative","23"
"post_01426","2025-04-04","Instagram","Text","Synthetic social media update","#learning #growth","3274","5578","146","25","12","11128","5","2","neutral","12"
"post_01427","2025-01-05","Instagram","Image","Synthetic social media update","#news #marketing","29616","70351","1607","86","198","10060","51","17","positive","21"
"post_01428","2025-02-28","Instagram","Carousel","Synthetic social media update","#marketing #news","6966","13688","684","105","108","10708","24","8","positive","18"
"post_01429","2025-02-14","YouTube","Carousel","Synthetic social media update","#news #business","27096","47974","1375","265","65","10540","49","16","neutral","18"
"post_01430","2026-01-05","YouTube","Live","Synthetic social media update","#business #technology","24579","56806","2387","190","264","10060","77","26","positive","7"
"post_01431","2025-12-23","Instagram","Short","Synthetic social media update","#news #analytics","25399","41708","1173","182","77","14284","41","14","negative","5"
"post_01432","2025-08-04","LinkedIn","Short","Synthetic social media update","#business #marketing","12860","18940","1146","181","122","12592","40","13","neutral","17"
"post_01433","2025-06-08","LinkedIn","Carousel","Synthetic social media update","#marketing #technology","3644","6977","353","22","25","11908","11","4","positive","8"
"post_01434","2025-10-03","Instagram","Video","Synthetic social media update","#news #marketing","29161","61838","1048","124","118","13312","35","12","positive","16"
"post_01435","2025-09-04","X/Twitter","Short","Synthetic social media update","#marketing #technology","9810","20108","1069","122","69","12964","36","12","positive","1"
"post_01436","2025-02-16","X/Twitter","Carousel","Synthetic social media update","#learning #business","29442","61426","2850","439","352","10564","99","33","positive","0"
"post_01437","2025-02-02","Facebook","Short","Synthetic social media update","#community #analytics","19002","39661","1155","163","127","10396","40","13","negative","8"
"post_01438","2025-04-24","Instagram","Live","Synthetic social media update","#growth #community","6389","14452","535","33","25","11368","17","6","neutral","2"
"post_01439","2025-06-19","LinkedIn","Text","Synthetic social media update","#community #news","8695","13300","919","134","43","12040","32","11","neutral","3"
"post_01440","2025-06-14","X/Twitter","Image","Synthetic social media update","#marketing #growth","19175","38079","790","147","113","11980","28","9","neutral","22"
"post_01441","2025-06-10","LinkedIn","Text","Synthetic social media update","#growth #news","24892","60543","2736","427","412","11932","95","32","positive","7"
"post_01442","2025-11-17","Facebook","Live","Synthetic social media update","#community #technology","19397","41840","902","136","66","13852","31","10","neutral","16"
"post_01443","2025-11-24","Facebook","Carousel","Synthetic social media update","#community #business","29247","70741","2002","112","133","13936","63","21","neutral","1"
"post_01444","2025-12-12","YouTube","Reel","Synthetic social media update","#learning #analytics","22806","46925","1635","126","142","14152","53","18","negative","6"
"post_01445","2025-04-11","X/Twitter","Video","Synthetic social media update","#marketing #analytics","13552","16590","1248","211","114","11212","44","15","negative","10"
"post_01446","2025-07-22","Facebook","Video","Synthetic social media update","#analytics #business","6756","10927","659","76","31","12436","22","7","negative","8"
"post_01447","2026-02-13","Facebook","Image","Synthetic social media update","#technology #learning","16912","38684","1104","47","51","10528","35","12","negative","2"
"post_01448","2026-03-20","YouTube","Short","Synthetic social media update","#growth #news","14160","18272","1538","126","136","10948","50","17","neutral","4"
"post_01449","2025-11-02","X/Twitter","Video","Synthetic social media update","#learning #news","18397","38590","813","43","96","13672","26","9","neutral","21"
"post_01450","2025-01-23","Instagram","Image","Synthetic social media update","#technology #analytics","11674","20185","1075","160","90","10276","37","12","positive","23"
"post_01451","2025-12-12","X/Twitter","Text","Synthetic social media update","#business #technology","13946","25191","629","112","82","14152","22","7","negative","5"
"post_01452","2025-09-22","Instagram","Image","Synthetic social media update","#marketing #analytics","20452","31249","1056","73","115","13180","34","11","positive","8"
"post_01453","2025-06-15","YouTube","Reel","Synthetic social media update","#growth #analytics","2863","3633","287","17","25","11992","9","3","negative","16"
"post_01454","2025-05-18","LinkedIn","Image","Synthetic social media update","#business #learning","13724","16535","1493","282","115","11656","53","18","positive","9"
"post_01455","2025-05-22","YouTube","Video","Synthetic social media update","#growth #analytics","10444","21286","337","15","12","11704","11","4","neutral","2"
"post_01456","2025-09-28","Instagram","Video","Synthetic social media update","#marketing #business","19224","45669","1227","90","169","13252","40","13","positive","13"
"post_01457","2025-02-01","Facebook","Short","Synthetic social media update","#technology #marketing","27525","58518","2436","466","389","10384","87","29","negative","16"
"post_01458","2025-06-04","LinkedIn","Text","Synthetic social media update","#analytics #business","2721","5335","93","5","3","11860","3","1","negative","0"
"post_01459","2026-01-23","Instagram","Short","Synthetic social media update","#news #growth","3422","6234","165","24","6","10276","6","2","negative","0"
"post_01460","2025-12-21","Instagram","Reel","Synthetic social media update","#learning #community","10947","20963","1111","149","104","14260","38","13","neutral","14"
"post_01461","2025-02-07","Instagram","Carousel","Synthetic social media update","#community #technology","22976","58045","2110","244","161","10456","71","24","negative","13"
"post_01462","2025-06-02","Instagram","Video","Synthetic social media update","#learning #news","21771","46592","2371","311","308","11836","80","27","negative","16"
"post_01463","2025-01-27","LinkedIn","Reel","Synthetic social media update","#analytics #news","27319","51127","1335","118","69","10324","44","15","neutral","3"
"post_01464","2025-07-30","Facebook","Reel","Synthetic social media update","#business #analytics","28664","42180","2752","421","417","12532","95","32","negative","7"
"post_01465","2025-12-10","YouTube","Image","Synthetic social media update","#news #technology","20770","45819","1663","285","205","14128","58","19","negative","8"
"post_01466","2025-05-28","LinkedIn","Short","Synthetic social media update","#technology #community","16559","19997","764","88","95","11776","26","9","negative","12"
"post_01467","2025-08-03","YouTube","Live","Synthetic social media update","#news #technology","4205","10050","374","51","28","12580","13","4","negative","21"
"post_01468","2025-05-08","X/Twitter","Text","Synthetic social media update","#analytics #technology","28106","71650","2506","405","298","11536","87","29","neutral","6"
"post_01469","2025-07-09","Facebook","Reel","Synthetic social media update","#growth #analytics","25436","45209","2066","339","256","12280","72","24","positive","18"
"post_01470","2025-06-10","LinkedIn","Live","Synthetic social media update","#marketing #business","25342","57354","1672","185","124","11932","56","19","negative","22"
"post_01471","2025-01-08","Facebook","Live","Synthetic social media update","#analytics #growth","3214","7850","274","22","25","10096","9","3","negative","19"
"post_01472","2025-07-21","X/Twitter","Short","Synthetic social media update","#community #analytics","4070","10232","410","72","52","12424","14","5","negative","11"
"post_01473","2026-03-15","LinkedIn","Live","Synthetic social media update","#marketing #news","16629","32095","905","138","133","10888","31","10","positive","11"
"post_01474","2025-05-15","Facebook","Live","Synthetic social media update","#learning #business","8669","10968","906","141","100","11620","31","10","positive","3"
"post_01475","2025-06-27","YouTube","Short","Synthetic social media update","#learning #technology","9986","19898","750","55","43","12136","24","8","neutral","22"
"post_01476","2025-09-28","X/Twitter","Carousel","Synthetic social media update","#technology #growth","29443","47228","1192","155","155","13252","40","13","positive","18"
"post_01477","2026-03-25","YouTube","Live","Synthetic social media update","#learning #news","15528","28614","491","88","62","11008","17","6","neutral","4"
"post_01478","2025-03-17","YouTube","Text","Synthetic social media update","#community #analytics","3327","7664","272","13","19","10912","9","3","negative","23"
"post_01479","2025-02-14","Facebook","Carousel","Synthetic social media update","#technology #business","26800","33632","2101","91","237","10540","66","22","neutral","3"
"post_01480","2025-06-17","LinkedIn","Carousel","Synthetic social media update","#news #technology","5880","7997","196","20","17","12016","6","2","positive","6"
"post_01481","2025-11-15","Facebook","Short","Synthetic social media update","#growth #analytics","23859","35610","1408","278","155","13828","51","17","neutral","7"
"post_01482","2025-02-06","YouTube","Live","Synthetic social media update","#growth #learning","20561","39435","1419","60","111","10444","44","15","positive","21"
"post_01483","2026-03-31","YouTube","Text","Synthetic social media update","#community #technology","24354","50258","1147","211","99","11080","41","14","positive","0"
"post_01484","2025-05-04","X/Twitter","Video","Synthetic social media update","#learning #marketing","9023","20672","729","117","111","11488","25","8","neutral","12"
"post_01485","2025-10-09","Facebook","Carousel","Synthetic social media update","#learning #community","2563","5231","100","20","3","13384","4","1","negative","16"
"post_01486","2025-01-13","Instagram","Live","Synthetic social media update","#community #analytics","9448","19092","639","103","54","10156","22","7","positive","13"
"post_01487","2025-07-30","Facebook","Live","Synthetic social media update","#news #community","2771","3466","185","9","17","12532","6","2","positive","0"
"post_01488","2025-12-02","Instagram","Text","Synthetic social media update","#growth #analytics","9007","14236","696","117","21","14032","24","8","negative","16"
"post_01489","2025-04-20","LinkedIn","Short","Synthetic social media update","#analytics #marketing","1367","2037","70","11","11","11320","2","1","negative","19"
"post_01490","2026-02-06","YouTube","Carousel","Synthetic social media update","#technology #learning","2848","5991","100","11","6","10444","3","1","positive","14"
"post_01491","2025-01-25","Facebook","Live","Synthetic social media update","#marketing #news","28344","71405","3018","320","457","10300","100","33","neutral","16"
"post_01492","2025-11-01","X/Twitter","Video","Synthetic social media update","#news #marketing","10667","15143","819","128","31","13660","28","9","negative","19"
"post_01493","2025-12-12","Instagram","Video","Synthetic social media update","#growth #analytics","5572","13879","350","54","28","14152","12","4","positive","5"
"post_01494","2025-03-24","Facebook","Carousel","Synthetic social media update","#business #analytics","19504","50529","1755","321","114","10996","62","21","negative","1"
"post_01495","2026-01-24","X/Twitter","Image","Synthetic social media update","#growth #technology","5000","12099","202","14","18","10288","6","2","neutral","11"
"post_01496","2025-06-04","YouTube","Image","Synthetic social media update","#growth #marketing","25198","44482","2703","202","346","11860","87","29","negative","12"
"post_01497","2025-04-21","Instagram","Image","Synthetic social media update","#business #analytics","16066","25067","640","66","58","11332","21","7","negative","14"
"post_01498","2025-11-10","Facebook","Image","Synthetic social media update","#growth #business","28286","37587","3095","151","401","13768","97","32","positive","0"
"post_01499","2025-04-16","YouTube","Reel","Synthetic social media update","#technology #business","26268","62536","2538","282","243","11272","85","28","neutral","16"
"post_01500","2025-08-30","Instagram","Live","Synthetic social media update","#analytics #business","24609","63546","2367","381","164","12904","82","27","neutral","0"
"post_01501","2025-11-30","X/Twitter","Video","Synthetic social media update","#business #technology","23884","59090","2404","204","385","14008","78","26","positive","20"
"post_01502","2026-02-19","Facebook","Text","Synthetic social media update","#technology #growth","9754","23446","1066","130","111","10600","36","12","neutral","16"
"post_01503","2025-11-05","LinkedIn","Text","Synthetic social media update","#learning #marketing","2502","4005","185","25","20","13708","6","2","neutral","2"
"post_01504","2025-04-19","X/Twitter","Short","Synthetic social media update","#marketing #community","9592","20289","691","33","41","11308","22","7","positive","23"
"post_01505","2025-09-09","Facebook","Text","Synthetic social media update","#marketing #news","23081","32809","841","98","79","13024","28","9","positive","19"
"post_01506","2025-05-25","Instagram","Reel","Synthetic social media update","#analytics #news","10754","16456","1046","55","116","11740","33","11","positive","5"
"post_01507","2025-05-13","X/Twitter","Text","Synthetic social media update","#news #community","18512","24258","788","116","84","11596","27","9","negative","18"
"post_01508","2026-03-06","YouTube","Live","Synthetic social media update","#learning #growth","4909","11550","239","21","27","10780","8","3","negative","23"
"post_01509","2025-02-02","Instagram","Reel","Synthetic social media update","#business #growth","24085","53886","821","74","76","10396","27","9","neutral","10"
"post_01510","2025-07-23","Facebook","Live","Synthetic social media update","#learning #news","21225","37294","2131","335","285","12448","74","25","neutral","14"
"post_01511","2025-07-06","LinkedIn","Carousel","Synthetic social media update","#technology #news","26506","37948","870","73","91","12244","28","9","neutral","2"
"post_01512","2025-09-05","Facebook","Short","Synthetic social media update","#community #analytics","5863","7040","264","20","17","12976","9","3","positive","13"
"post_01513","2026-01-20","Instagram","Short","Synthetic social media update","#technology #learning","10514","15180","750","65","71","10240","24","8","neutral","6"
"post_01514","2025-08-17","Facebook","Video","Synthetic social media update","#community #marketing","17303","34894","766","115","30","12748","26","9","positive","18"
"post_01515","2025-12-21","X/Twitter","Carousel","Synthetic social media update","#growth #analytics","27433","42392","3014","425","376","14260","103","34","neutral","12"
"post_01516","2025-10-27","Facebook","Short","Synthetic social media update","#news #community","23011","29343","1089","52","144","13600","34","11","negative","8"
"post_01517","2025-12-06","X/Twitter","Carousel","Synthetic social media update","#analytics #business","18419","40219","620","47","65","14080","20","7","negative","23"
"post_01518","2025-08-14","Instagram","Text","Synthetic social media update","#analytics #marketing","23413","51428","895","162","51","12712","32","11","positive","7"
"post_01519","2026-02-07","Facebook","Video","Synthetic social media update","#learning #community","18335","33820","583","89","47","10456","20","7","neutral","8"
"post_01520","2025-02-28","LinkedIn","Image","Synthetic social media update","#growth #analytics","1431","1792","44","4","4","10708","1","0","positive","20"
"post_01521","2025-12-20","Instagram","Image","Synthetic social media update","#technology #news","1407","1831","99","17","10","14248","3","1","positive","15"
"post_01522","2025-06-03","LinkedIn","Image","Synthetic social media update","#growth #technology","14885","24378","665","82","83","11848","22","7","negative","13"
"post_01523","2025-06-06","LinkedIn","Image","Synthetic social media update","#technology #learning","25930","39284","2003","125","177","11884","64","21","neutral","18"
"post_01524","2025-12-10","Facebook","Video","Synthetic social media update","#marketing #analytics","17028","35943","1641","207","262","14128","55","18","negative","2"
"post_01525","2025-04-06","Instagram","Carousel","Synthetic social media update","#community #marketing","1236","2766","65","11","4","11152","2","1","negative","19"
"post_01526","2025-08-12","X/Twitter","Image","Synthetic social media update","#growth #analytics","16105","28296","1694","322","198","12688","60","20","neutral","10"
"post_01527","2025-06-14","YouTube","Carousel","Synthetic social media update","#business #analytics","27123","39044","2684","397","161","11980","92","31","positive","15"
"post_01528","2025-10-22","Facebook","Image","Synthetic social media update","#marketing #business","11689","19733","540","67","38","13540","18","6","positive","13"
"post_01529","2025-12-13","LinkedIn","Text","Synthetic social media update","#analytics #business","8879","14696","366","37","45","14164","12","4","neutral","14"
"post_01530","2026-02-10","LinkedIn","Text","Synthetic social media update","#growth #community","22240","54808","2171","368","66","10492","76","25","positive","3"
"post_01531","2025-10-06","X/Twitter","Image","Synthetic social media update","#news #growth","6349","8421","684","86","98","13348","23","8","positive","7"
"post_01532","2025-07-08","X/Twitter","Carousel","Synthetic social media update","#business #learning","20230","25317","1437","209","219","12268","49","16","negative","18"
"post_01533","2025-08-05","LinkedIn","Live","Synthetic social media update","#marketing #technology","22975","43176","2119","397","299","12604","75","25","neutral","12"
"post_01534","2025-06-28","Facebook","Carousel","Synthetic social media update","#news #marketing","28886","43130","1237","194","136","12148","43","14","positive","7"
"post_01535","2025-10-02","Facebook","Text","Synthetic social media update","#marketing #learning","6751","13429","346","44","45","13300","12","4","positive","5"
"post_01536","2025-03-27","LinkedIn","Live","Synthetic social media update","#community #news","20409","34043","1669","253","172","11032","58","19","positive","9"
"post_01537","2025-01-23","X/Twitter","Carousel","Synthetic social media update","#technology #marketing","27871","67112","2824","211","128","10276","91","30","neutral","12"
"post_01538","2025-12-23","Instagram","Short","Synthetic social media update","#community #analytics","5552","9461","595","57","87","14284","20","7","negative","11"
"post_01539","2025-04-15","Instagram","Carousel","Synthetic social media update","#learning #analytics","10735","20895","770","99","50","11260","26","9","positive","7"
"post_01540","2025-07-31","Instagram","Video","Synthetic social media update","#news #marketing","8231","10797","854","51","31","12544","27","9","negative","7"
"post_01541","2025-01-22","Facebook","Live","Synthetic social media update","#business #marketing","13655","35216","567","36","34","10264","18","6","positive","16"
"post_01542","2025-05-18","X/Twitter","Video","Synthetic social media update","#analytics #marketing","6151","9373","629","65","29","11656","21","7","negative","9"
"post_01543","2025-06-02","LinkedIn","Text","Synthetic social media update","#marketing #news","2123","3997","168","27","25","11836","6","2","neutral","5"
"post_01544","2026-01-18","YouTube","Short","Synthetic social media update","#growth #technology","13892","32801","1302","101","78","10216","42","14","positive","4"
"post_01545","2025-06-22","YouTube","Video","Synthetic social media update","#community #marketing","1364","2831","114","22","10","12076","4","1","negative","8"
"post_01546","2025-08-30","Instagram","Short","Synthetic social media update","#growth #technology","29173","35910","1105","194","85","12904","39","13","negative","19"
"post_01547","2025-06-23","YouTube","Short","Synthetic social media update","#technology #analytics","26065","45767","801","158","39","12088","29","10","negative","9"
"post_01548","2025-10-31","Instagram","Carousel","Synthetic social media update","#marketing #technology","1745","3403","53","8","7","13648","2","1","positive","8"
"post_01549","2025-10-21","YouTube","Carousel","Synthetic social media update","#analytics #marketing","21442","28190","2080","240","101","13528","70","23","positive","8"
"post_01550","2026-03-08","LinkedIn","Video","Synthetic social media update","#community #marketing","24483","62431","1058","141","105","10804","36","12","positive","0"
"post_01551","2025-11-09","LinkedIn","Image","Synthetic social media update","#technology #marketing","20692","43620","1228","189","162","13756","43","14","positive","23"
"post_01552","2025-07-16","Instagram","Short","Synthetic social media update","#growth #technology","6111","7720","211","39","23","12364","8","2","neutral","0"
"post_01553","2025-09-02","LinkedIn","Image","Synthetic social media update","#community #marketing","13534","20603","1266","244","85","12940","45","15","positive","20"
"post_01554","2025-07-12","Instagram","Short","Synthetic social media update","#business #community","20906","38619","2008","171","75","12316","65","22","neutral","8"
"post_01555","2025-02-28","X/Twitter","Reel","Synthetic social media update","#business #analytics","27543","65085","2712","128","278","10708","85","28","positive","18"
"post_01556","2025-04-25","LinkedIn","Reel","Synthetic social media update","#news #learning","14495","33875","1421","228","226","11380","49","16","negative","21"
"post_01557","2025-07-06","Facebook","Reel","Synthetic social media update","#news #analytics","16705","42568","896","79","61","12244","29","10","negative","8"
"post_01558","2025-12-19","LinkedIn","Image","Synthetic social media update","#news #technology","27059","37607","2647","250","405","14236","87","29","negative","13"
"post_01559","2025-12-07","YouTube","Reel","Synthetic social media update","#growth #news","18653","24137","1211","174","171","14092","42","14","neutral","20"
"post_01560","2025-02-02","YouTube","Video","Synthetic social media update","#analytics #community","27898","56002","2407","150","293","10396","77","26","neutral","14"
"post_01561","2025-09-10","X/Twitter","Text","Synthetic social media update","#business #growth","29347","36824","1809","318","238","13036","64","21","neutral","14"
"post_01562","2025-08-20","LinkedIn","Short","Synthetic social media update","#community #learning","4932","7156","153","30","6","12784","5","2","positive","2"
"post_01563","2025-10-22","Facebook","Video","Synthetic social media update","#growth #community","9109","20873","625","86","64","13540","21","7","positive","4"
"post_01564","2025-11-19","X/Twitter","Carousel","Synthetic social media update","#news #business","1648","3132","181","31","28","13876","6","2","neutral","5"
"post_01565","2025-09-25","LinkedIn","Short","Synthetic social media update","#learning #business","10485","19072","536","59","17","13216","18","6","neutral","21"
"post_01566","2025-12-01","Instagram","Reel","Synthetic social media update","#growth #marketing","29215","43260","1123","139","102","14020","38","13","neutral","11"
"post_01567","2025-12-23","YouTube","Image","Synthetic social media update","#learning #growth","27360","41005","2737","301","203","14284","91","30","negative","3"
"post_01568","2025-04-05","LinkedIn","Text","Synthetic social media update","#news #technology","15980","37065","1474","209","193","11140","50","17","negative","0"
"post_01569","2025-01-22","X/Twitter","Image","Synthetic social media update","#business #technology","14365","28154","1170","67","172","10264","37","12","negative","22"
"post_01570","2025-08-05","YouTube","Short","Synthetic social media update","#business #marketing","13430","26280","726","130","113","12604","26","9","positive","10"
"post_01571","2026-01-12","Instagram","Short","Synthetic social media update","#business #community","21538","54641","1920","228","198","10144","64","21","positive","4"
"post_01572","2025-08-03","X/Twitter","Text","Synthetic social media update","#business #marketing","13996","24304","624","42","30","12580","20","7","positive","6"
"post_01573","2025-12-17","Facebook","Short","Synthetic social media update","#technology #learning","20179","39401","2011","151","209","14212","65","22","positive","5"
"post_01574","2026-02-18","X/Twitter","Video","Synthetic social media update","#technology #learning","6488","9199","687","116","93","10588","24","8","neutral","17"
"post_01575","2025-03-10","Facebook","Live","Synthetic social media update","#analytics #news","13916","27565","1231","181","131","10828","42","14","neutral","5"
"post_01576","2025-03-01","X/Twitter","Text","Synthetic social media update","#learning #business","20767","43636","1104","97","105","10720","36","12","positive","20"
"post_01577","2025-08-24","LinkedIn","Image","Synthetic social media update","#growth #community","9283","24073","878","106","63","12832","30","10","negative","11"
"post_01578","2025-06-21","YouTube","Live","Synthetic social media update","#news #technology","4385","10488","211","28","19","12064","7","2","neutral","22"
"post_01579","2025-04-03","X/Twitter","Image","Synthetic social media update","#growth #analytics","3465","7391","153","8","24","11116","5","2","positive","21"
"post_01580","2025-10-22","YouTube","Video","Synthetic social media update","#technology #news","6886","8863","330","41","19","13540","11","4","positive","15"
"post_01581","2025-04-12","YouTube","Text","Synthetic social media update","#analytics #news","26242","37278","2412","387","362","11224","84","28","positive","10"
"post_01582","2025-11-13","LinkedIn","Text","Synthetic social media update","#technology #marketing","19404","41055","1960","366","246","13804","70","23","negative","2"
"post_01583","2025-11-29","Facebook","Text","Synthetic social media update","#growth #news","25675","47297","911","64","106","13996","29","10","positive","21"
"post_01584","2025-11-18","YouTube","Carousel","Synthetic social media update","#news #marketing","21477","38424","2112","97","324","13864","66","22","positive","7"
"post_01585","2025-07-13","Instagram","Short","Synthetic social media update","#technology #community","6923","14934","649","94","58","12328","22","7","positive","7"
"post_01586","2025-05-20","X/Twitter","Reel","Synthetic social media update","#analytics #learning","27341","40759","2309","349","219","11680","80","27","negative","19"
"post_01587","2025-09-24","Instagram","Reel","Synthetic social media update","#community #growth","22738","27520","1241","142","107","13204","41","14","positive","18"
"post_01588","2026-01-23","LinkedIn","Carousel","Synthetic social media update","#technology #news","20829","50972","1588","251","139","10276","55","18","neutral","1"
"post_01589","2025-07-06","X/Twitter","Live","Synthetic social media update","#community #learning","18019","29309","1866","325","161","12244","66","22","positive","0"
"post_01590","2025-03-14","Facebook","Short","Synthetic social media update","#analytics #news","22036","40670","1253","188","126","10876","43","14","neutral","21"
"post_01591","2025-05-31","YouTube","Reel","Synthetic social media update","#news #learning","14458","22808","827","96","47","11812","28","9","negative","7"
"post_01592","2026-03-05","YouTube","Text","Synthetic social media update","#analytics #business","12370","26574","1216","70","88","10768","39","13","positive","19"
"post_01593","2025-08-02","Instagram","Image","Synthetic social media update","#news #analytics","19001","39227","1048","79","126","12568","34","11","negative","8"
"post_01594","2026-02-10","Instagram","Live","Synthetic social media update","#business #growth","21993","47306","986","84","39","10492","32","11","negative","5"
"post_01595","2025-07-22","X/Twitter","Video","Synthetic social media update","#business #news","3412","5179","350","66","37","12436","12","4","negative","20"
"post_01596","2025-04-13","YouTube","Live","Synthetic social media update","#news #community","13384","21357","721","40","65","11236","23","8","neutral","3"
"post_01597","2025-02-23","X/Twitter","Text","Synthetic social media update","#growth #news","13713","24694","1230","102","135","10648","40","13","negative","4"
"post_01598","2025-09-17","Instagram","Text","Synthetic social media update","#technology #growth","12174","29922","1184","212","60","13120","42","14","neutral","17"
"post_01599","2025-06-25","X/Twitter","Reel","Synthetic social media update","#marketing #learning","4580","9131","332","31","25","12112","11","4","negative","10"
"post_01600","2025-02-11","LinkedIn","Short","Synthetic social media update","#marketing #news","4756","9274","395","18","24","10504","12","4","neutral","8"
"post_01601","2025-10-17","YouTube","Video","Synthetic social media update","#analytics #marketing","9766","15077","441","68","38","13480","15","5","positive","14"
"post_01602","2025-07-15","LinkedIn","Reel","Synthetic social media update","#community #business","23152","53648","1591","144","222","12352","52","17","neutral","21"
"post_01603","2025-07-08","LinkedIn","Image","Synthetic social media update","#analytics #technology","4346","7048","392","31","18","12268","13","4","positive","17"
"post_01604","2025-12-31","X/Twitter","Text","Synthetic social media update","#marketing #growth","3199","5824","114","13","10","14380","4","1","neutral","22"
"post_01605","2026-01-05","LinkedIn","Image","Synthetic social media update","#business #growth","29894","67913","1264","101","75","10060","41","14","negative","15"
"post_01606","2025-06-08","Instagram","Reel","Synthetic social media update","#analytics #business","27767","68496","2427","200","122","11908","79","26","neutral","13"
"post_01607","2026-03-07","X/Twitter","Image","Synthetic social media update","#news #growth","23774","44959","2239","203","69","10792","73","24","neutral","16"
"post_01608","2025-01-06","LinkedIn","Carousel","Synthetic social media update","#analytics #learning","3823","4626","272","46","11","10072","10","3","negative","23"
"post_01609","2025-08-17","Instagram","Carousel","Synthetic social media update","#community #marketing","11832","24774","930","64","148","12748","30","10","neutral","8"
"post_01610","2026-01-02","YouTube","Reel","Synthetic social media update","#business #news","29662","43686","1382","225","146","10024","48","16","negative","4"
"post_01611","2026-01-16","YouTube","Short","Synthetic social media update","#growth #technology","19394","37654","1325","221","140","10192","46","15","positive","9"
"post_01612","2026-02-15","Instagram","Video","Synthetic social media update","#technology #business","2363","3333","246","20","23","10552","8","3","negative","4"
"post_01613","2025-10-09","YouTube","Carousel","Synthetic social media update","#technology #news","26667","64677","2286","212","220","13384","75","25","positive","21"
"post_01614","2025-12-07","YouTube","Live","Synthetic social media update","#community #analytics","4640","5706","236","20","16","14092","8","3","negative","21"
"post_01615","2026-01-06","X/Twitter","Reel","Synthetic social media update","#technology #analytics","14201","33866","1117","74","120","10072","36","12","positive","1"
"post_01616","2026-03-10","YouTube","Reel","Synthetic social media update","#technology #learning","17670","25878","1254","226","134","10828","44","15","positive","22"
"post_01617","2025-03-10","YouTube","Text","Synthetic social media update","#marketing #news","20096","47115","1679","155","124","10828","55","18","neutral","18"
"post_01618","2025-10-17","LinkedIn","Reel","Synthetic social media update","#growth #business","11535","24826","361","64","17","13480","13","4","positive","6"
"post_01619","2025-08-30","X/Twitter","Text","Synthetic social media update","#news #analytics","28200","43245","1883","317","266","12904","66","22","negative","14"
"post_01620","2025-06-25","X/Twitter","Image","Synthetic social media update","#technology #growth","22586","45201","1636","300","224","12112","58","19","positive","18"
"post_01621","2025-05-09","LinkedIn","Short","Synthetic social media update","#analytics #business","13382","28302","1442","250","76","11548","51","17","positive","13"
"post_01622","2025-10-24","X/Twitter","Live","Synthetic social media update","#marketing #business","12786","27902","813","113","119","13564","28","9","negative","4"
"post_01623","2026-01-30","Facebook","Image","Synthetic social media update","#growth #analytics","12598","24133","1324","242","104","10360","47","16","positive","19"
"post_01624","2025-02-24","Instagram","Reel","Synthetic social media update","#analytics #learning","29818","51892","2573","494","279","10660","92","31","negative","23"
"post_01625","2025-10-12","X/Twitter","Video","Synthetic social media update","#news #business","28865","61988","2367","391","124","13420","83","28","negative","7"
"post_01626","2026-02-18","Instagram","Image","Synthetic social media update","#analytics #community","27629","58680","2627","411","276","10588","91","30","neutral","11"
"post_01627","2025-02-05","Facebook","Text","Synthetic social media update","#growth #marketing","13741","34158","1090","74","35","10432","35","12","negative","16"
"post_01628","2025-08-02","Instagram","Reel","Synthetic social media update","#business #technology","17619","27149","867","72","73","12568","28","9","negative","18"
"post_01629","2025-03-12","X/Twitter","Text","Synthetic social media update","#marketing #growth","27808","71380","1087","202","60","10852","39","13","positive","4"
"post_01630","2026-03-20","YouTube","Live","Synthetic social media update","#growth #news","26760","41124","1155","224","92","10948","41","14","negative","8"
"post_01631","2025-08-06","X/Twitter","Video","Synthetic social media update","#analytics #business","25784","59833","2606","312","209","12616","88","29","negative","16"
"post_01632","2025-09-06","YouTube","Carousel","Synthetic social media update","#marketing #growth","10634","26105","623","101","57","12988","22","7","negative","7"
"post_01633","2025-11-16","LinkedIn","Image","Synthetic social media update","#news #technology","22102","52740","833","44","91","13840","26","9","negative","9"
"post_01634","2025-05-07","LinkedIn","Video","Synthetic social media update","#technology #learning","8881","14786","545","62","67","11524","18","6","negative","0"
"post_01635","2025-10-07","Facebook","Carousel","Synthetic social media update","#learning #news","19369","38577","1612","75","55","13360","51","17","positive","12"
"post_01636","2025-07-01","Facebook","Reel","Synthetic social media update","#technology #growth","19607","30295","1370","213","133","12184","47","16","negative","18"
"post_01637","2026-01-04","LinkedIn","Reel","Synthetic social media update","#learning #news","12599","26373","1045","64","90","10048","33","11","neutral","22"
"post_01638","2026-02-10","Instagram","Video","Synthetic social media update","#analytics #community","21628","29128","954","128","121","10492","32","11","negative","1"
"post_01639","2025-01-25","Instagram","Image","Synthetic social media update","#news #business","1296","2022","121","13","8","10300","4","1","positive","18"
"post_01640","2025-11-02","LinkedIn","Reel","Synthetic social media update","#analytics #news","7536","18523","663","131","106","13672","24","8","neutral","23"
"post_01641","2025-08-31","X/Twitter","Carousel","Synthetic social media update","#analytics #community","19524","28989","1139","107","127","12916","37","12","neutral","11"
"post_01642","2026-02-19","LinkedIn","Carousel","Synthetic social media update","#learning #news","21416","37135","1954","343","115","10600","69","23","positive","14"
"post_01643","2025-04-30","LinkedIn","Video","Synthetic social media update","#community #analytics","8776","18332","926","121","97","11440","31","10","negative","23"
"post_01644","2025-03-28","Facebook","Short","Synthetic social media update","#business #community","16332","35089","1074","155","90","11044","37","12","positive","15"
"post_01645","2025-07-26","X/Twitter","Image","Synthetic social media update","#technology #growth","26035","62930","2229","280","151","12484","75","25","negative","11"
"post_01646","2026-02-03","X/Twitter","Text","Synthetic social media update","#analytics #marketing","21595","36724","1799","196","178","10408","60","20","positive","16"
"post_01647","2025-12-24","X/Twitter","Live","Synthetic social media update","#community #analytics","8987","19029","500","30","33","14296","16","5","positive","6"
"post_01648","2025-02-22","Facebook","Reel","Synthetic social media update","#learning #growth","5460","6563","377","64","30","10636","13","4","negative","13"
"post_01649","2025-07-05","YouTube","Text","Synthetic social media update","#technology #marketing","4211","7545","270","53","28","12232","10","3","positive","20"
"post_01650","2025-01-08","Instagram","Image","Synthetic social media update","#technology #growth","26271","50530","2230","369","312","10096","78","26","negative","13"
"post_01651","2025-09-14","YouTube","Text","Synthetic social media update","#growth #technology","11009","15332","724","54","106","13084","23","8","neutral","5"
"post_01652","2026-01-26","Instagram","Reel","Synthetic social media update","#learning #analytics","9297","12528","655","33","89","10312","21","7","negative","20"
"post_01653","2025-06-09","Facebook","Short","Synthetic social media update","#technology #analytics","7989","19137","875","87","90","11920","29","10","negative","11"
"post_01654","2025-11-16","LinkedIn","Live","Synthetic social media update","#community #analytics","1233","2912","52","7","2","13840","2","1","neutral","15"
"post_01655","2025-04-05","Instagram","Carousel","Synthetic social media update","#technology #learning","1108","2410","119","16","8","11140","4","1","positive","8"
"post_01656","2025-10-10","LinkedIn","Short","Synthetic social media update","#business #marketing","6567","11296","716","74","100","13396","24","8","negative","8"
"post_01657","2025-02-04","X/Twitter","Image","Synthetic social media update","#marketing #growth","16091","36806","1636","112","64","10420","52","17","negative","3"
"post_01658","2026-01-28","LinkedIn","Live","Synthetic social media update","#analytics #growth","19572","45106","1014","66","117","10336","32","11","neutral","6"
"post_01659","2025-07-02","Instagram","Live","Synthetic social media update","#business #analytics","25556","40226","2266","172","127","12196","73","24","neutral","0"
"post_01660","2025-12-09","X/Twitter","Short","Synthetic social media update","#business #learning","18044","38811","1341","62","170","14116","42","14","neutral","2"
"post_01661","2025-12-26","Facebook","Reel","Synthetic social media update","#community #learning","15554","19256","1271","251","87","14320","46","15","neutral","22"
"post_01662","2026-01-13","X/Twitter","Image","Synthetic social media update","#learning #marketing","28563","67182","3099","515","315","10156","108","36","positive","18"
"post_01663","2025-11-02","LinkedIn","Short","Synthetic social media update","#business #learning","12078","28925","424","34","41","13672","14","5","negative","2"
"post_01664","2025-04-17","Facebook","Live","Synthetic social media update","#learning #technology","14992","38701","1502","203","104","11284","51","17","negative","4"
"post_01665","2025-12-08","LinkedIn","Video","Synthetic social media update","#analytics #business","6514","12631","200","32","22","14104","7","2","neutral","14"
"post_01666","2025-12-15","Facebook","Live","Synthetic social media update","#news #business","13668","19858","1296","201","164","14188","45","15","negative","10"
"post_01667","2025-06-27","Facebook","Reel","Synthetic social media update","#community #analytics","20892","43115","1324","215","104","12136","46","15","negative","1"
"post_01668","2025-06-25","Facebook","Reel","Synthetic social media update","#news #growth","2071","4129","185","31","16","12112","6","2","neutral","8"
"post_01669","2025-05-25","X/Twitter","Live","Synthetic social media update","#technology #growth","10301","15881","923","109","38","11740","31","10","positive","16"
"post_01670","2025-03-12","LinkedIn","Image","Synthetic social media update","#marketing #technology","24468","52026","1269","149","76","10852","43","14","neutral","18"
"post_01671","2025-04-22","YouTube","Image","Synthetic social media update","#learning #analytics","7426","17805","389","73","27","11344","14","5","neutral","16"
"post_01672","2025-01-02","YouTube","Video","Synthetic social media update","#growth #learning","4508","9323","407","49","23","10024","14","5","negative","22"
"post_01673","2026-02-27","X/Twitter","Image","Synthetic social media update","#analytics #growth","27609","64575","1998","196","64","10696","66","22","negative","18"
"post_01674","2025-04-30","Facebook","Short","Synthetic social media update","#technology #learning","4731","5846","499","71","49","11440","17","6","negative","0"
"post_01675","2026-01-09","Instagram","Video","Synthetic social media update","#technology #learning","20402","36689","2062","307","146","10108","71","24","neutral","1"
"post_01676","2025-12-19","YouTube","Text","Synthetic social media update","#growth #news","25480","49741","1915","151","72","14236","62","21","negative","16"
"post_01677","2026-02-22","LinkedIn","Reel","Synthetic social media update","#growth #analytics","13474","28980","866","100","69","10636","29","10","positive","4"
"post_01678","2025-02-24","LinkedIn","Video","Synthetic social media update","#community #news","4489","7118","401","45","42","10660","13","4","neutral","0"
"post_01679","2026-01-21","Instagram","Text","Synthetic social media update","#business #technology","29648","75000","3206","622","126","10252","115","38","negative","13"
"post_01680","2025-11-15","Facebook","Live","Synthetic social media update","#business #analytics","4531","6209","466","71","22","13828","16","5","positive","5"
"post_01681","2025-07-08","YouTube","Text","Synthetic social media update","#analytics #news","28097","57340","2647","154","90","12268","84","28","positive","2"
"post_01682","2025-02-22","X/Twitter","Short","Synthetic social media update","#marketing #news","25479","34281","2540","232","317","10636","83","28","neutral","10"
"post_01683","2025-07-31","Facebook","Reel","Synthetic social media update","#technology #community","14808","27268","1089","215","151","12544","39","13","positive","5"
"post_01684","2025-01-20","YouTube","Reel","Synthetic social media update","#community #technology","18858","44392","1391","147","103","10240","46","15","positive","4"
"post_01685","2026-01-28","LinkedIn","Reel","Synthetic social media update","#community #learning","14039","26460","459","77","42","10336","16","5","negative","6"
"post_01686","2025-09-26","LinkedIn","Image","Synthetic social media update","#analytics #marketing","23464","53603","724","130","71","13228","26","9","negative","9"
"post_01687","2026-01-07","YouTube","Text","Synthetic social media update","#community #marketing","2682","6568","253","19","32","10084","8","3","neutral","7"
"post_01688","2025-07-29","LinkedIn","Live","Synthetic social media update","#community #learning","18126","38633","1319","249","139","12520","47","16","negative","10"
"post_01689","2025-12-08","Facebook","Carousel","Synthetic social media update","#analytics #community","18970","29681","682","58","90","14104","22","7","positive","14"
"post_01690","2025-11-04","LinkedIn","Reel","Synthetic social media update","#technology #marketing","11696","26971","901","88","36","13696","30","10","neutral","15"
"post_01691","2026-01-10","Instagram","Text","Synthetic social media update","#learning #technology","23925","31308","1876","94","85","10120","59","20","positive","5"
"post_01692","2025-02-06","YouTube","Short","Synthetic social media update","#community #growth","19549","44577","1070","201","83","10444","38","13","positive","23"
"post_01693","2025-08-28","Facebook","Reel","Synthetic social media update","#community #news","19002","37427","1436","154","131","12880","48","16","positive","0"
"post_01694","2025-03-22","LinkedIn","Short","Synthetic social media update","#analytics #marketing","18987","33872","1639","307","83","10972","58","19","positive","0"
"post_01695","2025-01-05","Instagram","Text","Synthetic social media update","#learning #growth","16253","37582","992","45","59","10060","31","10","positive","1"
"post_01696","2025-10-29","LinkedIn","Carousel","Synthetic social media update","#technology #analytics","4497","8993","278","36","19","13624","9","3","negative","5"
"post_01697","2025-03-25","Facebook","Reel","Synthetic social media update","#marketing #analytics","2808","6168","135","16","19","11008","5","2","positive","22"
"post_01698","2025-06-27","X/Twitter","Live","Synthetic social media update","#analytics #business","29246","66253","1730","267","157","12136","60","20","negative","5"
"post_01699","2025-09-01","Instagram","Text","Synthetic social media update","#learning #analytics","10894","26771","489","62","77","12928","17","6","neutral","5"
"post_01700","2025-03-07","X/Twitter","Text","Synthetic social media update","#community #analytics","25088","63762","1587","215","179","10792","54","18","positive","7"
"post_01701","2026-02-10","Instagram","Reel","Synthetic social media update","#marketing #technology","20426","48311","2072","97","211","10492","65","22","negative","18"
"post_01702","2025-11-08","Instagram","Reel","Synthetic social media update","#learning #community","20882","46501","2284","427","91","13744","81","27","neutral","21"
"post_01703","2025-11-08","Facebook","Live","Synthetic social media update","#marketing #technology","23938","59782","2192","152","280","13744","70","23","neutral","13"
"post_01704","2025-12-16","Instagram","Reel","Synthetic social media update","#technology #growth","10878","25548","620","92","84","14200","21","7","neutral","10"
"post_01705","2025-03-07","LinkedIn","Video","Synthetic social media update","#business #technology","16583","31756","566","30","35","10792","18","6","positive","20"
"post_01706","2025-08-15","Facebook","Live","Synthetic social media update","#analytics #growth","18806","24356","1139","93","38","12724","37","12","positive","21"
"post_01707","2025-11-20","YouTube","Text","Synthetic social media update","#business #learning","29631","76953","2324","311","93","13888","79","26","positive","8"
"post_01708","2025-05-26","Instagram","Video","Synthetic social media update","#news #learning","22230","56324","1898","184","254","11752","62","21","positive","17"
"post_01709","2025-11-10","LinkedIn","Video","Synthetic social media update","#analytics #news","2733","6526","136","9","12","13768","4","1","positive","23"
"post_01710","2025-02-05","X/Twitter","Short","Synthetic social media update","#analytics #community","22387","31711","2202","218","318","10432","73","24","negative","22"
"post_01711","2025-08-01","Instagram","Video","Synthetic social media update","#technology #business","16029","27091","991","82","109","12556","32","11","positive","22"
"post_01712","2025-01-12","Facebook","Image","Synthetic social media update","#news #community","7121","10682","656","31","65","10144","21","7","positive","17"
"post_01713","2025-07-14","Instagram","Video","Synthetic social media update","#growth #news","8795","17300","740","71","54","12340","24","8","positive","21"
"post_01714","2025-05-28","Facebook","Text","Synthetic social media update","#news #technology","8936","17857","758","113","31","11776","26","9","positive","15"
"post_01715","2026-03-24","Facebook","Image","Synthetic social media update","#growth #marketing","28038","61485","2226","291","189","10996","76","25","negative","23"
"post_01716","2026-01-03","LinkedIn","Text","Synthetic social media update","#marketing #community","15595","38233","850","140","49","10036","30","10","neutral","20"
"post_01717","2025-01-22","LinkedIn","Image","Synthetic social media update","#news #technology","18321","23385","1355","232","50","10264","48","16","neutral","12"
"post_01718","2025-02-11","LinkedIn","Live","Synthetic social media update","#growth #community","22860","30860","2273","121","157","10504","72","24","neutral","15"
"post_01719","2025-02-19","LinkedIn","Text","Synthetic social media update","#technology #learning","3058","5886","212","36","13","10600","7","2","neutral","23"
"post_01720","2026-02-18","Facebook","Video","Synthetic social media update","#growth #learning","18820","31265","647","77","70","10588","22","7","negative","9"
"post_01721","2025-12-30","Facebook","Carousel","Synthetic social media update","#growth #business","26267","55887","2549","455","114","14368","90","30","positive","15"
"post_01722","2025-04-12","Facebook","Image","Synthetic social media update","#growth #community","22286","39268","878","78","81","11224","29","10","positive","2"
"post_01723","2025-12-02","Facebook","Reel","Synthetic social media update","#technology #business","18906","47520","1498","248","91","14032","52","17","positive","16"
"post_01724","2025-06-20","Facebook","Live","Synthetic social media update","#analytics #marketing","25753","56675","1999","260","175","12052","68","23","negative","5"
"post_01725","2025-10-12","X/Twitter","Reel","Synthetic social media update","#news #technology","22574","58504","1461","145","223","13420","48","16","negative","11"
"post_01726","2025-12-08","Instagram","Video","Synthetic social media update","#analytics #business","19693","39223","913","179","61","14104","33","11","positive","6"
"post_01727","2025-01-25","X/Twitter","Video","Synthetic social media update","#growth #learning","8548","14912","764","92","61","10300","26","9","negative","3"
"post_01728","2025-09-10","LinkedIn","Short","Synthetic social media update","#technology #business","14871","24999","493","22","57","13036","15","5","positive","4"
"post_01729","2025-04-21","LinkedIn","Video","Synthetic social media update","#analytics #community","28506","37386","1688","143","215","11332","55","18","neutral","15"
"post_01730","2025-10-10","YouTube","Live","Synthetic social media update","#marketing #learning","6170","12774","678","84","73","13396","23","8","neutral","0"
"post_01731","2026-02-28","LinkedIn","Reel","Synthetic social media update","#learning #marketing","28342","63631","2866","226","98","10708","93","31","negative","14"
"post_01732","2025-03-21","YouTube","Live","Synthetic social media update","#business #community","1349","1647","64","7","8","10960","2","1","neutral","21"
"post_01733","2025-07-31","X/Twitter","Carousel","Synthetic social media update","#analytics #technology","16028","41454","827","163","58","12544","30","10","negative","11"
"post_01734","2025-08-23","Facebook","Image","Synthetic social media update","#analytics #business","8339","15824","417","36","34","12820","14","5","neutral","1"
"post_01735","2025-02-25","YouTube","Image","Synthetic social media update","#technology #news","14777","26980","799","77","75","10672","26","9","neutral","23"
"post_01736","2025-10-06","X/Twitter","Text","Synthetic social media update","#marketing #learning","16562","27695","728","110","99","13348","25","8","negative","16"
"post_01737","2026-02-16","LinkedIn","Image","Synthetic social media update","#technology #marketing","3614","4988","323","28","35","10564","11","4","positive","18"
"post_01738","2026-02-26","LinkedIn","Video","Synthetic social media update","#growth #community","23382","36723","1112","179","153","10684","39","13","negative","5"
"post_01739","2026-02-24","Facebook","Live","Synthetic social media update","#analytics #growth","26180","60951","2301","403","161","10660","81","27","positive","1"
"post_01740","2025-09-11","Facebook","Image","Synthetic social media update","#community #growth","5476","9517","247","18","31","13048","8","3","negative","17"
"post_01741","2025-01-07","X/Twitter","Carousel","Synthetic social media update","#analytics #business","2105","5340","167","22","19","10084","6","2","negative","7"
"post_01742","2025-07-10","LinkedIn","Reel","Synthetic social media update","#analytics #learning","22800","40049","1443","74","47","12292","46","15","positive","8"
"post_01743","2026-02-13","LinkedIn","Short","Synthetic social media update","#community #growth","6926","16081","459","88","38","10528","16","5","positive","13"
"post_01744","2025-01-09","Instagram","Reel","Synthetic social media update","#learning #growth","6872","17747","297","18","16","10108","9","3","neutral","6"
"post_01745","2025-03-18","YouTube","Carousel","Synthetic social media update","#technology #business","20148","26255","1713","322","259","10924","61","20","neutral","17"
"post_01746","2025-02-23","Instagram","Carousel","Synthetic social media update","#analytics #business","25177","47178","829","162","59","10648","30","10","positive","14"
"post_01747","2025-11-01","Instagram","Short","Synthetic social media update","#growth #technology","9672","24027","598","65","19","13660","20","7","neutral","14"
"post_01748","2025-05-14","LinkedIn","Image","Synthetic social media update","#marketing #analytics","6769","11816","572","80","39","11608","20","7","positive","12"
"post_01749","2025-08-29","Instagram","Carousel","Synthetic social media update","#growth #business","14501","31602","1402","210","119","12892","48","16","positive","3"
"post_01750","2025-03-31","LinkedIn","Text","Synthetic social media update","#growth #marketing","17948","26306","568","58","89","11080","19","6","neutral","6"
"post_01751","2025-04-29","LinkedIn","Image","Synthetic social media update","#learning #technology","13908","32635","663","43","36","11428","21","7","neutral","3"
"post_01752","2025-07-06","X/Twitter","Live","Synthetic social media update","#marketing #technology","2636","6510","217","37","28","12244","8","3","negative","11"
"post_01753","2025-11-21","Instagram","Carousel","Synthetic social media update","#community #marketing","12320","24443","850","61","95","13900","27","9","negative","4"
"post_01754","2025-05-13","X/Twitter","Image","Synthetic social media update","#analytics #growth","8452","17452","673","27","94","11596","21","7","positive","5"
"post_01755","2025-11-06","Facebook","Text","Synthetic social media update","#business #learning","22925","38614","1652","298","206","13720","58","20","neutral","22"
"post_01756","2025-04-06","X/Twitter","Image","Synthetic social media update","#news #growth","16949","22633","852","115","55","11152","29","10","negative","22"
"post_01757","2025-01-09","Facebook","Text","Synthetic social media update","#technology #business","25956","56874","2363","307","317","10108","80","27","neutral","10"
"post_01758","2025-10-24","LinkedIn","Video","Synthetic social media update","#analytics #growth","23781","61670","1135","118","148","13564","38","13","neutral","20"
"post_01759","2025-10-04","Facebook","Video","Synthetic social media update","#news #marketing","29092","58398","2427","320","194","13324","82","27","neutral","0"
"post_01760","2025-01-13","X/Twitter","Short","Synthetic social media update","#learning #community","7560","16336","319","57","50","10156","11","4","neutral","23"
"post_01761","2026-03-15","Instagram","Image","Synthetic social media update","#learning #news","9126","22948","454","53","38","10888","15","5","negative","7"
"post_01762","2026-01-23","LinkedIn","Video","Synthetic social media update","#news #marketing","11142","23851","821","65","25","10276","27","9","positive","4"
"post_01763","2025-03-28","Instagram","Video","Synthetic social media update","#learning #business","12819","23201","1319","97","123","11044","42","14","negative","15"
"post_01764","2025-06-15","Facebook","Image","Synthetic social media update","#business #community","27136","45798","1962","220","154","11992","65","22","positive","17"
"post_01765","2025-03-28","Instagram","Reel","Synthetic social media update","#analytics #news","5429","8873","252","29","25","11044","8","3","positive","16"
"post_01766","2026-02-18","LinkedIn","Carousel","Synthetic social media update","#business #marketing","24305","46260","2256","399","161","10588","80","27","neutral","8"
"post_01767","2025-01-18","LinkedIn","Live","Synthetic social media update","#community #business","29002","48229","1825","289","118","10216","63","21","positive","19"
"post_01768","2025-02-13","LinkedIn","Text","Synthetic social media update","#business #news","1061","2093","34","5","5","10528","1","0","negative","4"
"post_01769","2025-07-19","X/Twitter","Video","Synthetic social media update","#community #learning","22000","32519","1554","99","166","12400","50","17","negative","2"
"post_01770","2025-11-03","Instagram","Live","Synthetic social media update","#learning #growth","20829","33239","959","67","46","13684","31","10","negative","17"
"post_01771","2025-08-01","YouTube","Video","Synthetic social media update","#growth #business","17935","33862","588","42","44","12556","19","6","neutral","18"
"post_01772","2025-01-24","LinkedIn","Short","Synthetic social media update","#learning #technology","27947","56322","1616","275","95","10288","57","19","positive","10"
"post_01773","2025-04-30","Instagram","Image","Synthetic social media update","#business #news","5292","8328","566","23","67","11440","18","6","positive","19"
"post_01774","2026-01-17","Facebook","Text","Synthetic social media update","#learning #marketing","22286","32106","1082","130","129","10204","36","12","negative","16"
"post_01775","2025-05-21","LinkedIn","Image","Synthetic social media update","#growth #learning","2841","3610","265","26","28","11692","9","3","neutral","8"
"post_01776","2025-06-26","LinkedIn","Reel","Synthetic social media update","#business #news","14873","24954","825","52","129","12124","26","9","negative","14"
"post_01777","2025-01-15","Facebook","Image","Synthetic social media update","#growth #technology","28236","56298","1881","132","290","10180","60","20","negative","16"
"post_01778","2026-01-21","Instagram","Image","Synthetic social media update","#learning #news","5308","7494","352","17","40","10252","11","4","negative","8"
"post_01779","2025-09-28","Facebook","Text","Synthetic social media update","#analytics #community","13016","21666","1296","60","185","13252","41","14","negative","9"
"post_01780","2025-02-11","Facebook","Carousel","Synthetic social media update","#growth #community","20081","37647","1865","294","155","10504","65","22","neutral","14"
"post_01781","2025-10-02","Facebook","Image","Synthetic social media update","#business #marketing","15175","32584","773","145","90","13300","28","9","neutral","0"
"post_01782","2025-05-02","Facebook","Short","Synthetic social media update","#news #learning","1784","2829","139","26","7","11464","5","2","negative","1"
"post_01783","2025-07-10","YouTube","Text","Synthetic social media update","#analytics #community","18571","28402","1035","171","98","12292","36","12","positive","8"
"post_01784","2025-11-24","X/Twitter","Video","Synthetic social media update","#business #technology","22815","41494","1017","111","66","13936","34","11","neutral","3"
"post_01785","2026-03-08","YouTube","Video","Synthetic social media update","#technology #news","5309","10259","412","63","32","10804","14","5","positive","1"
"post_01786","2026-02-09","Facebook","Image","Synthetic social media update","#analytics #technology","6401","14380","337","56","47","10480","12","4","neutral","4"
"post_01787","2025-08-08","Facebook","Carousel","Synthetic social media update","#technology #learning","9783","14933","783","73","52","12640","26","9","positive","20"
"post_01788","2025-03-15","X/Twitter","Text","Synthetic social media update","#business #technology","4491","5405","151","9","11","10888","5","2","positive","0"
"post_01789","2025-10-09","Facebook","Live","Synthetic social media update","#technology #analytics","14770","25154","595","72","76","13384","20","7","positive","11"
"post_01790","2025-06-29","Facebook","Reel","Synthetic social media update","#technology #community","20466","24717","1474","282","212","12160","53","18","positive","12"
"post_01791","2025-04-30","Facebook","Image","Synthetic social media update","#technology #learning","27135","43664","1383","252","43","11440","49","16","negative","3"
"post_01792","2025-03-10","Facebook","Short","Synthetic social media update","#analytics #learning","16878","40078","591","66","37","10828","20","7","negative","4"
"post_01793","2025-02-22","Facebook","Live","Synthetic social media update","#analytics #marketing","14086","25803","1073","60","92","10636","34","11","negative","14"
"post_01794","2025-02-13","YouTube","Carousel","Synthetic social media update","#growth #business","22685","35849","1035","90","71","10528","34","11","neutral","5"
"post_01795","2025-04-19","Facebook","Reel","Synthetic social media update","#learning #community","10231","22695","1060","167","140","11308","37","12","positive","14"
"post_01796","2025-02-04","X/Twitter","Image","Synthetic social media update","#analytics #news","12839","19489","1084","131","84","10420","36","12","negative","7"
"post_01797","2025-03-14","Facebook","Reel","Synthetic social media update","#marketing #technology","2336","6038","238","16","19","10876","8","3","negative","8"
"post_01798","2025-12-18","Instagram","Live","Synthetic social media update","#growth #marketing","28147","51308","2233","134","271","14224","71","24","neutral","12"
"post_01799","2026-01-18","YouTube","Text","Synthetic social media update","#learning #news","16065","20864","1000","75","92","10216","32","11","negative","1"
"post_01800","2025-11-10","LinkedIn","Image","Synthetic social media update","#news #growth","2523","3632","232","44","30","13768","8","3","negative","10"
"post_01801","2025-12-11","YouTube","Short","Synthetic social media update","#analytics #community","25265","61987","2621","403","219","14140","91","30","neutral","19"
"post_01802","2025-09-11","LinkedIn","Live","Synthetic social media update","#learning #marketing","15029","21772","1468","239","181","13048","51","17","negative","15"
"post_01803","2025-11-07","X/Twitter","Carousel","Synthetic social media update","#community #news","20238","40537","1975","106","68","13732","62","21","negative","3"
"post_01804","2025-11-04","YouTube","Reel","Synthetic social media update","#business #marketing","23475","28373","1592","195","115","13696","54","18","positive","14"
"post_01805","2025-11-12","LinkedIn","Text","Synthetic social media update","#news #business","15789","29195","1591","66","125","13792","50","17","positive","4"
"post_01806","2025-01-04","YouTube","Text","Synthetic social media update","#learning #technology","22443","49286","800","41","115","10048","25","8","neutral","23"
"post_01807","2026-01-16","X/Twitter","Short","Synthetic social media update","#business #learning","4336","10793","198","17","29","10192","6","2","negative","0"
"post_01808","2025-05-30","Facebook","Text","Synthetic social media update","#growth #analytics","28535","50708","2858","161","93","11800","91","30","neutral","18"
"post_01809","2026-01-16","X/Twitter","Text","Synthetic social media update","#analytics #growth","5531","8842","366","60","11","10192","13","4","neutral","16"
"post_01810","2025-07-03","X/Twitter","Text","Synthetic social media update","#community #analytics","23079","32985","728","142","102","12208","26","9","positive","7"
"post_01811","2025-10-05","Instagram","Reel","Synthetic social media update","#analytics #growth","26432","53130","1986","243","61","13336","67","22","neutral","20"
"post_01812","2026-03-17","Instagram","Reel","Synthetic social media update","#technology #marketing","5484","11003","219","12","20","10912","7","2","negative","15"
"post_01813","2025-07-09","YouTube","Text","Synthetic social media update","#analytics #business","18624","43689","1586","274","191","12280","56","19","positive","22"
"post_01814","2026-02-19","YouTube","Short","Synthetic social media update","#learning #growth","5896","11120","519","42","24","10600","17","6","positive","14"
"post_01815","2026-03-04","X/Twitter","Carousel","Synthetic social media update","#analytics #business","22353","53722","1303","89","154","10756","42","14","neutral","15"
"post_01816","2026-02-22","Facebook","Video","Synthetic social media update","#business #technology","27092","64553","1545","186","94","10636","52","17","neutral","4"
"post_01817","2025-12-01","LinkedIn","Video","Synthetic social media update","#community #growth","28618","64937","2498","177","194","14020","80","27","neutral","10"
"post_01818","2026-01-28","LinkedIn","Live","Synthetic social media update","#marketing #news","21946","41089","1783","313","97","10336","63","21","negative","6"
"post_01819","2025-08-22","Instagram","Short","Synthetic social media update","#community #analytics","1376","2031","87","17","7","12808","3","1","positive","19"
"post_01820","2025-04-12","Instagram","Video","Synthetic social media update","#growth #community","25875","48065","1029","138","135","11224","35","12","positive","0"
"post_01821","2025-03-14","LinkedIn","Live","Synthetic social media update","#technology #learning","23460","53754","2458","301","167","10876","83","28","neutral","6"
"post_01822","2025-08-11","YouTube","Short","Synthetic social media update","#technology #learning","20579","43000","1578","311","48","12676","57","19","neutral","12"
"post_01823","2025-12-03","LinkedIn","Video","Synthetic social media update","#learning #business","6964","9588","676","104","80","14044","23","8","negative","14"
"post_01824","2025-01-24","Instagram","Short","Synthetic social media update","#business #analytics","3751","6635","323","25","27","10288","10","3","neutral","1"
"post_01825","2026-02-14","X/Twitter","Text","Synthetic social media update","#growth #news","10893","22634","1120","93","133","10540","36","12","negative","6"
"post_01826","2025-03-06","Facebook","Image","Synthetic social media update","#community #news","9171","13887","509","72","80","10780","17","6","negative","22"
"post_01827","2025-04-14","LinkedIn","Video","Synthetic social media update","#analytics #community","7036","13326","445","60","30","11248","15","5","positive","23"
"post_01828","2025-06-09","Facebook","Text","Synthetic social media update","#community #marketing","19463","39478","664","55","40","11920","22","7","neutral","7"
"post_01829","2025-09-16","Instagram","Image","Synthetic social media update","#business #technology","14325","20762","963","182","127","13108","34","11","negative","18"
"post_01830","2025-01-29","YouTube","Video","Synthetic social media update","#community #analytics","25680","57052","905","112","74","10348","31","10","neutral","22"
"post_01831","2025-05-25","LinkedIn","Video","Synthetic social media update","#community #growth","27810","44881","2093","414","221","11740","75","25","neutral","5"
"post_01832","2025-01-25","Facebook","Carousel","Synthetic social media update","#growth #community","11715","25862","542","90","38","10300","19","6","negative","17"
"post_01833","2025-08-08","LinkedIn","Image","Synthetic social media update","#community #technology","27361","59882","1037","107","48","12640","34","11","negative","13"
"post_01834","2025-08-29","LinkedIn","Reel","Synthetic social media update","#technology #marketing","29372","73399","2273","395","186","12892","80","27","negative","21"
"post_01835","2025-08-06","YouTube","Reel","Synthetic social media update","#analytics #learning","21928","29383","1808","321","114","12616","64","21","negative","15"
"post_01836","2025-05-09","YouTube","Text","Synthetic social media update","#business #growth","13804","30978","976","173","89","11548","34","11","negative","19"
"post_01837","2025-03-20","LinkedIn","Live","Synthetic social media update","#analytics #community","21345","54037","954","176","118","10948","34","11","negative","18"
"post_01838","2025-06-17","YouTube","Carousel","Synthetic social media update","#business #community","8660","22498","352","32","18","12016","12","4","negative","6"
"post_01839","2025-04-19","Instagram","Image","Synthetic social media update","#analytics #technology","9378","14214","520","37","50","11308","17","6","positive","11"
"post_01840","2025-12-01","YouTube","Text","Synthetic social media update","#technology #news","21920","33862","1744","202","226","14020","58","19","positive","12"
"post_01841","2025-12-08","Instagram","Carousel","Synthetic social media update","#analytics #news","9085","20098","924","159","130","14104","32","11","positive","7"
"post_01842","2025-03-29","X/Twitter","Reel","Synthetic social media update","#news #marketing","18006","32588","585","101","80","11056","21","7","neutral","9"
"post_01843","2026-03-26","YouTube","Reel","Synthetic social media update","#business #growth","2238","3013","68","11","5","11020","2","1","neutral","15"
"post_01844","2025-10-27","Facebook","Live","Synthetic social media update","#technology #growth","15589","35727","598","104","73","13600","21","7","neutral","9"
"post_01845","2025-08-12","YouTube","Short","Synthetic social media update","#growth #marketing","9033","17360","304","56","15","12688","11","4","negative","16"
"post_01846","2025-12-26","X/Twitter","Carousel","Synthetic social media update","#business #news","16923","26945","995","141","136","14320","34","11","negative","6"
"post_01847","2025-03-15","Facebook","Short","Synthetic social media update","#marketing #business","19860","51340","1616","263","50","10888","56","19","positive","11"
"post_01848","2025-03-29","Instagram","Image","Synthetic social media update","#technology #analytics","26911","40008","2194","298","232","11056","75","25","positive","23"
"post_01849","2025-02-17","Facebook","Short","Synthetic social media update","#business #technology","25791","63855","779","58","30","10576","25","8","neutral","3"
"post_01850","2025-08-02","Instagram","Carousel","Synthetic social media update","#community #technology","7725","12148","816","111","100","12568","28","9","neutral","15"
"post_01851","2025-05-08","LinkedIn","Video","Synthetic social media update","#community #news","15462","39525","1287","179","87","11536","44","15","positive","21"
"post_01852","2025-12-13","Instagram","Text","Synthetic social media update","#marketing #analytics","5966","9028","458","75","33","14164","16","5","positive","15"
"post_01853","2025-07-12","X/Twitter","Image","Synthetic social media update","#technology #news","1350","3152","59","9","6","12316","2","1","negative","22"
"post_01854","2025-01-21","LinkedIn","Carousel","Synthetic social media update","#marketing #growth","21785","54072","1034","109","129","10252","34","11","neutral","4"
"post_01855","2025-06-24","LinkedIn","Image","Synthetic social media update","#business #community","12049","20058","763","80","37","12100","25","8","positive","15"
"post_01856","2025-03-17","YouTube","Reel","Synthetic social media update","#community #marketing","7148","8797","543","90","39","10912","19","6","neutral","7"
"post_01857","2026-03-16","Instagram","Reel","Synthetic social media update","#learning #analytics","25972","51766","2602","411","93","10900","90","30","positive","22"
"post_01858","2025-03-23","Instagram","Carousel","Synthetic social media update","#analytics #business","8645","16006","599","83","25","10984","20","7","positive","14"
"post_01859","2025-12-14","Facebook","Video","Synthetic social media update","#analytics #marketing","23655","40239","2176","225","263","14176","72","24","positive","3"
"post_01860","2025-07-15","Instagram","Text","Synthetic social media update","#marketing #community","7480","10495","405","46","16","12352","14","5","neutral","12"
"post_01861","2025-11-06","YouTube","Text","Synthetic social media update","#community #news","14593","24755","579","102","52","13720","20","7","neutral","17"
"post_01862","2026-03-14","X/Twitter","Live","Synthetic social media update","#news #business","17343","26626","1089","197","77","10876","39","13","neutral","2"
"post_01863","2025-08-08","Instagram","Text","Synthetic social media update","#growth #technology","16185","37786","608","57","84","12640","20","7","neutral","23"
"post_01864","2025-01-18","Facebook","Live","Synthetic social media update","#analytics #community","27524","59807","1713","337","235","10216","62","20","negative","15"
"post_01865","2026-02-23","LinkedIn","Carousel","Synthetic social media update","#technology #business","6208","7659","550","42","37","10648","18","6","neutral","19"
"post_01866","2025-07-11","Instagram","Short","Synthetic social media update","#analytics #community","1622","3889","132","20","7","12304","5","2","positive","8"
"post_01867","2025-12-24","Instagram","Text","Synthetic social media update","#community #analytics","20778","39825","1322","212","194","14296","46","15","neutral","3"
"post_01868","2025-07-15","Instagram","Text","Synthetic social media update","#growth #analytics","5818","8980","427","64","16","12352","15","5","neutral","18"
"post_01869","2026-01-31","Instagram","Short","Synthetic social media update","#marketing #learning","16710","42045","1702","261","248","10372","59","20","negative","6"
"post_01870","2025-11-28","LinkedIn","Live","Synthetic social media update","#technology #community","26385","66963","2676","233","411","13984","87","29","positive","18"
"post_01871","2026-03-23","YouTube","Short","Synthetic social media update","#growth #technology","12157","29779","719","89","45","10984","24","8","negative","11"
"post_01872","2026-03-08","X/Twitter","Live","Synthetic social media update","#growth #business","15639","37383","1387","105","159","10804","45","15","positive","18"
"post_01873","2025-11-20","LinkedIn","Live","Synthetic social media update","#learning #growth","13543","29591","1055","57","73","13888","33","11","positive","6"
"post_01874","2025-04-24","X/Twitter","Image","Synthetic social media update","#technology #growth","24466","50321","1790","152","272","11368","58","19","neutral","4"
"post_01875","2025-06-21","Facebook","Live","Synthetic social media update","#marketing #analytics","10367","24287","396","74","58","12064","14","5","neutral","3"
"post_01876","2025-11-01","X/Twitter","Image","Synthetic social media update","#growth #analytics","2437","4395","97","10","10","13660","3","1","positive","18"
"post_01877","2025-05-06","YouTube","Reel","Synthetic social media update","#marketing #news","7639","11892","355","44","30","11512","12","4","neutral","23"
"post_01878","2025-07-26","YouTube","Image","Synthetic social media update","#analytics #community","12778","31740","642","115","61","12484","23","8","negative","7"
"post_01879","2025-11-03","Instagram","Reel","Synthetic social media update","#community #growth","18535","33562","1452","207","217","13684","50","17","neutral","16"
"post_01880","2025-03-17","X/Twitter","Reel","Synthetic social media update","#news #marketing","27111","41371","1148","213","91","10912","41","14","negative","2"
"post_01881","2025-09-17","Facebook","Text","Synthetic social media update","#news #community","20938","47576","1271","175","109","13120","43","14","negative","19"
"post_01882","2025-04-26","LinkedIn","Text","Synthetic social media update","#marketing #news","4217","5147","158","25","25","11392","5","2","positive","14"
"post_01883","2025-09-15","X/Twitter","Live","Synthetic social media update","#learning #analytics","24168","55143","2091","343","120","13096","73","24","neutral","6"
"post_01884","2025-06-06","Facebook","Video","Synthetic social media update","#community #marketing","23051","55875","1005","126","113","11884","34","11","negative","5"
"post_01885","2026-03-30","YouTube","Video","Synthetic social media update","#analytics #technology","13605","29952","721","44","60","11068","23","8","neutral","19"
"post_01886","2025-07-07","LinkedIn","Carousel","Synthetic social media update","#technology #news","16974","21607","1811","223","74","12256","61","20","neutral","23"
"post_01887","2025-10-04","YouTube","Text","Synthetic social media update","#business #community","14124","23678","1288","179","175","13324","44","15","neutral","22"
"post_01888","2025-09-13","Instagram","Image","Synthetic social media update","#community #learning","19242","26627","1121","127","84","13072","37","12","negative","12"
"post_01889","2025-09-19","YouTube","Reel","Synthetic social media update","#learning #community","25324","39243","1618","98","186","13144","51","17","negative","19"
"post_01890","2025-10-23","Facebook","Text","Synthetic social media update","#community #news","18799","27472","1462","189","166","13552","50","17","negative","16"
"post_01891","2025-11-01","YouTube","Image","Synthetic social media update","#community #analytics","8132","20905","441","75","46","13660","15","5","negative","4"
"post_01892","2025-08-17","Instagram","Live","Synthetic social media update","#growth #business","12796","27454","628","116","75","12748","22","7","neutral","0"
"post_01893","2025-10-17","LinkedIn","Reel","Synthetic social media update","#analytics #growth","9473","13752","369","46","22","13480","12","4","neutral","0"
"post_01894","2025-12-29","LinkedIn","Video","Synthetic social media update","#learning #community","25430","56153","1283","113","159","14356","42","14","neutral","12"
"post_01895","2025-10-08","Facebook","Text","Synthetic social media update","#technology #news","9653","18160","654","78","23","13372","22","7","positive","9"
"post_01896","2025-11-12","LinkedIn","Live","Synthetic social media update","#business #news","1972","3698","170","27","17","13792","6","2","positive","3"
"post_01897","2025-12-17","Facebook","Carousel","Synthetic social media update","#technology #business","12619","27472","1074","46","101","14212","34","11","negative","3"
"post_01898","2026-03-03","Instagram","Live","Synthetic social media update","#business #news","12963","19916","469","41","45","10744","15","5","positive","19"
"post_01899","2025-10-07","Facebook","Short","Synthetic social media update","#marketing #business","10787","19402","1126","198","180","13360","40","13","negative","3"
"post_01900","2025-08-17","X/Twitter","Video","Synthetic social media update","#community #growth","23233","49072","750","51","93","12748","24","8","neutral","14"
"post_01901","2025-07-25","Instagram","Carousel","Synthetic social media update","#business #technology","13697","30729","971","178","134","12472","34","11","neutral","22"
"post_01902","2025-07-08","YouTube","Carousel","Synthetic social media update","#marketing #technology","16077","33020","837","148","89","12268","30","10","neutral","11"
"post_01903","2026-01-18","Instagram","Image","Synthetic social media update","#growth #business","19828","34123","856","164","68","10216","31","10","neutral","9"
"post_01904","2026-02-17","Facebook","Live","Synthetic social media update","#community #marketing","11686","20023","920","59","75","10576","29","10","neutral","19"
"post_01905","2025-01-16","Instagram","Video","Synthetic social media update","#technology #learning","21954","28361","1116","131","117","10192","37","12","neutral","11"
"post_01906","2025-03-21","Facebook","Image","Synthetic social media update","#learning #analytics","23290","50325","1504","287","198","10960","54","18","positive","6"
"post_01907","2025-09-15","Facebook","Reel","Synthetic social media update","#community #analytics","2468","3975","242","24","28","13096","8","3","neutral","21"
"post_01908","2025-02-25","Facebook","Video","Synthetic social media update","#analytics #business","13682","32467","1308","213","140","10672","46","15","negative","9"
"post_01909","2025-11-06","YouTube","Carousel","Synthetic social media update","#learning #growth","7099","17088","394","44","47","13720","13","4","negative","22"
"post_01910","2025-11-01","YouTube","Text","Synthetic social media update","#analytics #business","8533","15263","611","80","89","13660","21","7","positive","20"
"post_01911","2026-02-05","LinkedIn","Video","Synthetic social media update","#growth #community","11697","26215","1022","101","75","10432","34","11","positive","22"
"post_01912","2025-10-31","YouTube","Live","Synthetic social media update","#analytics #community","18167","25640","833","59","87","13648","27","9","positive","17"
"post_01913","2025-07-04","X/Twitter","Short","Synthetic social media update","#growth #business","8024","15514","721","115","33","12220","25","8","neutral","22"
"post_01914","2025-04-26","LinkedIn","Video","Synthetic social media update","#analytics #news","15777","30249","1552","83","80","11392","49","16","negative","11"
"post_01915","2026-03-08","Instagram","Live","Synthetic social media update","#growth #marketing","8827","16794","491","54","41","10804","16","5","negative","1"
"post_01916","2025-05-29","LinkedIn","Short","Synthetic social media update","#analytics #technology","14511","35961","642","29","97","11788","20","7","negative","14"
"post_01917","2026-03-18","YouTube","Short","Synthetic social media update","#technology #learning","21153","48712","1978","135","310","10924","63","21","negative","17"
"post_01918","2025-02-21","Instagram","Image","Synthetic social media update","#growth #marketing","23728","31360","1266","206","183","10624","44","15","neutral","22"
"post_01919","2025-05-24","YouTube","Text","Synthetic social media update","#analytics #business","18121","34452","923","56","86","11728","29","10","neutral","7"
"post_01920","2026-01-10","Instagram","Video","Synthetic social media update","#learning #news","16162","24337","1392","123","62","10120","45","15","negative","11"
"post_01921","2025-03-07","Facebook","Text","Synthetic social media update","#news #analytics","28496","70286","1529","289","63","10792","55","18","negative","4"
"post_01922","2025-07-07","Instagram","Short","Synthetic social media update","#analytics #growth","9830","15051","797","112","60","12256","27","9","negative","10"
"post_01923","2025-10-29","X/Twitter","Reel","Synthetic social media update","#business #learning","27505","38182","2926","482","152","13624","102","34","neutral","1"
"post_01924","2026-03-26","X/Twitter","Text","Synthetic social media update","#marketing #news","23592","45295","2330","356","329","11020","81","27","neutral","7"
"post_01925","2025-05-31","Instagram","Text","Synthetic social media update","#marketing #learning","27624","55855","2319","211","148","11812","76","25","positive","21"
"post_01926","2025-02-04","LinkedIn","Live","Synthetic social media update","#growth #technology","24570","58737","1624","320","85","10420","58","19","negative","23"
"post_01927","2025-08-23","X/Twitter","Live","Synthetic social media update","#technology #community","6385","9552","578","68","35","12820","19","6","negative","10"
"post_01928","2026-03-01","X/Twitter","Short","Synthetic social media update","#growth #business","3956","7729","314","18","15","10720","10","3","negative","5"
"post_01929","2025-10-17","Facebook","Text","Synthetic social media update","#learning #growth","1191","2760","39","6","6","13480","1","0","positive","7"
"post_01930","2026-02-04","Facebook","Image","Synthetic social media update","#technology #analytics","23595","32980","1785","99","229","10420","57","19","neutral","3"
"post_01931","2025-03-27","Instagram","Image","Synthetic social media update","#analytics #business","28566","61609","1559","93","235","11032","50","17","positive","4"
"post_01932","2025-06-03","LinkedIn","Text","Synthetic social media update","#analytics #business","11361","26607","1245","85","151","11848","40","13","neutral","3"
"post_01933","2026-03-20","X/Twitter","Reel","Synthetic social media update","#analytics #marketing","17457","24924","1079","175","76","10948","38","13","negative","12"
"post_01934","2025-08-26","YouTube","Image","Synthetic social media update","#technology #community","2483","4022","183","21","16","12856","6","2","neutral","16"
"post_01935","2026-02-17","LinkedIn","Video","Synthetic social media update","#analytics #learning","29704","42450","992","183","81","10576","35","12","neutral","18"
"post_01936","2025-06-28","YouTube","Live","Synthetic social media update","#news #community","6425","12880","491","71","25","12148","17","6","negative","13"
"post_01937","2025-09-05","LinkedIn","Short","Synthetic social media update","#learning #technology","20521","40701","2228","385","140","12976","78","26","positive","19"
"post_01938","2025-08-27","X/Twitter","Carousel","Synthetic social media update","#marketing #analytics","8150","19978","324","34","45","12868","11","4","positive","12"
"post_01939","2025-08-13","YouTube","Video","Synthetic social media update","#learning #growth","5026","7371","202","21","7","12700","7","2","neutral","11"
"post_01940","2026-02-08","YouTube","Live","Synthetic social media update","#marketing #analytics","5481","13711","206","11","7","10468","7","2","negative","0"
"post_01941","2025-04-08","X/Twitter","Short","Synthetic social media update","#news #marketing","8553","19131","705","141","97","11176","25","8","neutral","1"
"post_01942","2025-03-18","LinkedIn","Video","Synthetic social media update","#marketing #learning","2743","3342","121","18","10","10924","4","1","positive","13"
"post_01943","2025-09-16","LinkedIn","Image","Synthetic social media update","#growth #marketing","27829","70861","1317","236","151","13108","47","16","positive","3"
"post_01944","2025-01-17","YouTube","Live","Synthetic social media update","#community #technology","10024","13688","976","122","130","10204","33","11","negative","11"
"post_01945","2025-03-01","Facebook","Video","Synthetic social media update","#community #news","9757","21090","335","15","46","10720","10","4","positive","23"
"post_01946","2025-07-16","X/Twitter","Image","Synthetic social media update","#learning #marketing","13780","24774","859","115","109","12364","29","10","neutral","1"
"post_01947","2025-12-23","YouTube","Live","Synthetic social media update","#analytics #community","1837","4104","172","33","14","14284","6","2","neutral","5"
"post_01948","2025-10-23","LinkedIn","Video","Synthetic social media update","#analytics #growth","13057","30062","1413","177","215","13552","48","16","neutral","20"
"post_01949","2025-03-24","Instagram","Live","Synthetic social media update","#technology #growth","21865","39865","1254","118","122","10996","41","14","negative","21"
"post_01950","2025-04-27","X/Twitter","Carousel","Synthetic social media update","#news #community","21316","28436","1983","310","237","11404","69","23","positive","12"
"post_01951","2025-02-25","X/Twitter","Image","Synthetic social media update","#growth #community","10495","26806","788","85","75","10672","26","9","neutral","11"
"post_01952","2026-02-02","X/Twitter","Live","Synthetic social media update","#analytics #marketing","26008","62886","2294","230","331","10396","76","25","neutral","16"
"post_01953","2025-07-28","Facebook","Live","Synthetic social media update","#marketing #learning","28913","68241","2869","344","159","12508","96","32","negative","15"
"post_01954","2025-04-25","LinkedIn","Short","Synthetic social media update","#news #learning","22725","48214","1648","324","156","11380","59","20","positive","3"
"post_01955","2026-02-22","LinkedIn","Reel","Synthetic social media update","#analytics #technology","1978","2961","155","27","21","10636","5","2","negative","23"
"post_01956","2025-07-07","LinkedIn","Short","Synthetic social media update","#community #technology","2329","4446","201","31","12","12256","7","2","neutral","11"
"post_01957","2025-01-30","YouTube","Text","Synthetic social media update","#community #marketing","7153","16669","233","39","27","10360","8","3","neutral","7"
"post_01958","2025-12-07","LinkedIn","Video","Synthetic social media update","#community #business","23296","53977","1851","332","286","14092","65","22","negative","8"
"post_01959","2025-01-19","X/Twitter","Live","Synthetic social media update","#analytics #learning","7268","11141","452","20","39","10228","14","5","negative","1"
"post_01960","2026-01-09","X/Twitter","Live","Synthetic social media update","#business #technology","3641","8292","310","21","18","10108","10","3","positive","0"
"post_01961","2025-12-31","Instagram","Image","Synthetic social media update","#news #analytics","7511","15742","545","77","24","14380","19","6","negative","10"
"post_01962","2026-01-14","X/Twitter","Reel","Synthetic social media update","#learning #news","13204","18126","796","63","108","10168","26","9","positive","19"
"post_01963","2025-01-04","YouTube","Reel","Synthetic social media update","#learning #technology","15782","32705","493","90","16","10048","17","6","negative","1"
"post_01964","2025-07-24","X/Twitter","Video","Synthetic social media update","#analytics #technology","17054","35529","1731","258","75","12460","60","20","negative","16"
"post_01965","2025-12-18","LinkedIn","Short","Synthetic social media update","#analytics #news","7187","16425","256","22","36","14224","8","3","negative","17"
"post_01966","2025-07-23","YouTube","Image","Synthetic social media update","#business #marketing","29819","51287","1923","295","119","12448","67","22","negative","5"
"post_01967","2025-10-20","X/Twitter","Reel","Synthetic social media update","#analytics #growth","29354","59774","1282","167","147","13516","43","14","neutral","12"
"post_01968","2025-11-14","Instagram","Video","Synthetic social media update","#growth #learning","2047","4027","76","10","8","13816","3","1","neutral","10"
"post_01969","2025-11-29","Instagram","Video","Synthetic social media update","#community #news","19265","44740","729","96","44","13996","25","8","negative","2"
"post_01970","2025-03-25","Facebook","Short","Synthetic social media update","#marketing #business","2180","5156","95","10","6","11008","3","1","neutral","1"
"post_01971","2025-08-19","X/Twitter","Video","Synthetic social media update","#technology #community","1460","3640","80","5","9","12772","3","1","positive","21"
"post_01972","2026-01-25","Instagram","Text","Synthetic social media update","#community #analytics","14858","37219","1152","112","120","10300","38","13","negative","21"
"post_01973","2025-09-28","YouTube","Short","Synthetic social media update","#business #news","10965","19277","556","59","72","13252","18","6","neutral","20"
"post_01974","2025-10-26","YouTube","Short","Synthetic social media update","#analytics #technology","28055","68796","1062","180","32","13588","37","12","neutral","7"
"post_01975","2026-02-28","LinkedIn","Carousel","Synthetic social media update","#learning #marketing","8753","22076","334","53","45","10708","12","4","negative","10"
"post_01976","2026-01-04","LinkedIn","Carousel","Synthetic social media update","#growth #business","14011","34550","614","101","80","10048","21","7","negative","18"
"post_01977","2026-02-14","Facebook","Video","Synthetic social media update","#news #business","8184","21261","580","50","32","10540","19","6","positive","9"
"post_01978","2025-12-25","YouTube","Text","Synthetic social media update","#analytics #growth","28500","42485","2366","106","364","14308","74","25","neutral","5"
"post_01979","2025-08-24","X/Twitter","Short","Synthetic social media update","#news #business","2690","3441","251","12","35","12832","8","3","negative","18"
"post_01980","2025-05-24","Instagram","Image","Synthetic social media update","#marketing #business","13188","27846","952","142","59","11728","33","11","positive","18"
"post_01981","2026-01-07","Facebook","Short","Synthetic social media update","#growth #community","20117","24263","1332","93","159","10084","43","14","neutral","18"
"post_01982","2025-03-07","LinkedIn","Reel","Synthetic social media update","#learning #news","7923","20569","424","57","29","10792","14","5","neutral","10"
"post_01983","2025-08-01","Facebook","Image","Synthetic social media update","#learning #news","2835","4158","255","21","26","12556","8","3","positive","10"
"post_01984","2026-03-22","X/Twitter","Carousel","Synthetic social media update","#community #news","13341","21479","1432","242","90","10972","50","17","neutral","14"
"post_01985","2025-10-02","YouTube","Short","Synthetic social media update","#technology #growth","18894","46458","1302","152","112","13300","44","15","positive","3"
"post_01986","2026-03-06","YouTube","Video","Synthetic social media update","#learning #analytics","9359","17801","560","60","58","10780","19","6","positive","21"
"post_01987","2025-03-29","X/Twitter","Reel","Synthetic social media update","#technology #analytics","24423","37412","1442","180","64","11056","49","16","neutral","6"
"post_01988","2025-08-11","YouTube","Image","Synthetic social media update","#news #marketing","25721","53234","1006","137","143","12676","34","11","neutral","13"
"post_01989","2025-05-02","LinkedIn","Text","Synthetic social media update","#technology #learning","14851","21217","1145","143","50","11464","39","13","positive","1"
"post_01990","2025-09-08","YouTube","Short","Synthetic social media update","#marketing #news","13009","24041","1386","245","88","13012","49","16","neutral","6"
"post_01991","2026-03-12","YouTube","Video","Synthetic social media update","#learning #marketing","19500","32734","1540","157","218","10852","51","17","neutral","4"
"post_01992","2025-12-16","Facebook","Live","Synthetic social media update","#growth #marketing","19672","26532","1162","48","101","14200","36","12","negative","5"
"post_01993","2026-01-15","Facebook","Live","Synthetic social media update","#community #news","21944","56365","1092","145","121","10180","37","12","positive","21"
"post_01994","2025-04-28","YouTube","Carousel","Synthetic social media update","#analytics #technology","18962","34066","1928","272","61","11416","66","22","neutral","20"
"post_01995","2025-04-02","X/Twitter","Short","Synthetic social media update","#growth #community","9209","20558","1010","89","139","11104","33","11","negative","1"
"post_01996","2026-03-08","Facebook","Video","Synthetic social media update","#business #marketing","13167","32484","958","104","30","10804","32","11","positive","9"
"post_01997","2025-01-16","X/Twitter","Live","Synthetic social media update","#marketing #community","27553","44837","1753","113","184","10192","56","19","neutral","17"
"post_01998","2025-11-30","LinkedIn","Image","Synthetic social media update","#analytics #community","1488","3664","64","9","10","14008","2","1","positive","17"
"post_01999","2026-03-08","X/Twitter","Live","Synthetic social media update","#learning #news","28442","71857","2761","199","139","10804","89","30","negative","2"
"post_02000","2025-08-02","X/Twitter","Image","Synthetic social media update","#technology #news","25132","32737","1629","270","116","12568","57","19","positive","20"
"post_02001","2026-01-19","X/Twitter","Reel","Synthetic social media update","#growth #technology","10237","15544","1089","115","161","10228","36","12","negative","6"
"post_02002","2026-02-04","Facebook","Image","Synthetic social media update","#community #marketing","13847","26308","729","132","112","10420","26","9","positive","1"
"post_02003","2025-04-10","LinkedIn","Text","Synthetic social media update","#growth #technology","9104","16129","355","65","56","11200","13","4","positive","13"
"post_02004","2025-06-23","YouTube","Live","Synthetic social media update","#business #community","26612","54603","1276","98","187","12088","41","14","positive","23"
"post_02005","2025-07-14","YouTube","Live","Synthetic social media update","#growth #marketing","7018","14239","770","94","116","12340","26","9","negative","13"
"post_02006","2025-09-09","LinkedIn","Short","Synthetic social media update","#community #analytics","19658","43127","1920","106","133","13024","61","20","negative","4"
"post_02007","2025-02-01","Facebook","Reel","Synthetic social media update","#learning #growth","26271","42401","1918","257","75","10384","65","22","neutral","5"
"post_02008","2025-01-26","LinkedIn","Carousel","Synthetic social media update","#business #learning","19857","24195","2069","105","313","10312","65","22","neutral","6"
"post_02009","2025-10-02","LinkedIn","Carousel","Synthetic social media update","#news #technology","1843","3231","137","17","20","13300","5","2","negative","0"
"post_02010","2025-02-28","LinkedIn","Video","Synthetic social media update","#learning #news","27760","65301","3029","505","202","10708","106","35","neutral","16"
"post_02011","2025-07-05","Facebook","Text","Synthetic social media update","#business #analytics","15314","25792","1150","135","81","12232","39","13","neutral","17"
"post_02012","2025-12-20","Instagram","Carousel","Synthetic social media update","#marketing #technology","18515","38208","720","35","82","14248","23","8","neutral","7"
"post_02013","2025-01-08","X/Twitter","Text","Synthetic social media update","#community #analytics","3605","7283","146","25","22","10096","5","2","positive","15"
"post_02014","2025-03-03","X/Twitter","Image","Synthetic social media update","#community #marketing","26332","45080","1135","104","35","10744","37","12","neutral","11"
"post_02015","2025-02-01","YouTube","Reel","Synthetic social media update","#growth #analytics","8519","19742","914","130","117","10384","31","10","negative","19"
"post_02016","2026-03-01","Instagram","Text","Synthetic social media update","#learning #community","19962","31880","1727","280","136","10720","60","20","neutral","8"
"post_02017","2025-12-12","Facebook","Short","Synthetic social media update","#technology #growth","17853","35277","1953","94","299","14152","61","20","negative","10"
"post_02018","2025-12-24","Instagram","Video","Synthetic social media update","#learning #news","8230","21389","777","51","124","14296","25","8","positive","2"
"post_02019","2025-08-13","Instagram","Video","Synthetic social media update","#marketing #technology","22132","47911","2404","142","262","12700","76","25","negative","4"
"post_02020","2025-07-02","LinkedIn","Short","Synthetic social media update","#news #analytics","21513","28767","1563","184","221","12196","52","17","positive","6"
"post_02021","2026-02-21","X/Twitter","Video","Synthetic social media update","#technology #growth","1727","2688","174","31","17","10624","6","2","neutral","20"
"post_02022","2025-09-05","X/Twitter","Carousel","Synthetic social media update","#technology #analytics","26257","66646","2279","233","350","12976","75","25","positive","14"
"post_02023","2026-02-02","Facebook","Video","Synthetic social media update","#analytics #business","2108","3839","204","19","13","10396","7","2","neutral","17"
"post_02024","2025-05-25","YouTube","Live","Synthetic social media update","#technology #news","7031","15810","662","116","88","11740","23","8","negative","20"
"post_02025","2025-02-18","X/Twitter","Carousel","Synthetic social media update","#business #community","19056","26361","1542","203","159","10588","52","17","negative","23"
"post_02026","2025-03-07","Facebook","Live","Synthetic social media update","#news #growth","12400","20433","838","92","114","10792","28","9","neutral","4"
"post_02027","2025-09-12","X/Twitter","Image","Synthetic social media update","#business #growth","16402","41555","805","144","91","13060","28","9","neutral","1"
"post_02028","2026-01-28","X/Twitter","Video","Synthetic social media update","#learning #technology","15272","34669","787","43","66","10336","25","8","positive","9"
"post_02029","2025-04-30","X/Twitter","Image","Synthetic social media update","#marketing #growth","17607","29497","1627","171","133","11440","54","18","neutral","17"
"post_02030","2025-06-17","Instagram","Reel","Synthetic social media update","#technology #business","9237","15082","648","81","88","12016","22","7","neutral","9"
"post_02031","2025-12-17","LinkedIn","Text","Synthetic social media update","#news #growth","4885","5915","359","34","48","14212","12","4","positive","2"
"post_02032","2025-06-21","Instagram","Image","Synthetic social media update","#business #news","27811","70970","2616","298","291","12064","87","29","negative","18"
"post_02033","2026-01-15","Facebook","Carousel","Synthetic social media update","#learning #marketing","21350","50349","2062","126","233","10180","66","22","positive","23"
"post_02034","2025-12-01","YouTube","Image","Synthetic social media update","#news #marketing","19292","31586","1092","70","44","14020","35","12","neutral","0"
"post_02035","2025-07-21","X/Twitter","Carousel","Synthetic social media update","#business #marketing","11455","23955","664","131","67","12424","24","8","positive","11"
"post_02036","2025-01-19","LinkedIn","Short","Synthetic social media update","#community #learning","16965","28910","922","129","75","10228","32","11","neutral","7"
"post_02037","2025-07-07","X/Twitter","Live","Synthetic social media update","#business #learning","12261","19650","464","86","54","12256","16","6","positive","14"
"post_02038","2025-10-24","YouTube","Carousel","Synthetic social media update","#marketing #technology","9897","23711","468","24","19","13564","15","5","negative","8"
"post_02039","2026-01-23","Facebook","Image","Synthetic social media update","#growth #technology","28570","67484","2748","299","278","10276","91","30","neutral","7"
"post_02040","2025-11-17","X/Twitter","Short","Synthetic social media update","#growth #analytics","18949","44681","1701","246","134","13852","58","19","positive","6"
"post_02041","2025-07-19","YouTube","Video","Synthetic social media update","#news #growth","25105","38969","2074","281","308","12400","71","24","positive","8"
"post_02042","2025-04-15","Facebook","Reel","Synthetic social media update","#marketing #community","14059","18183","1355","205","149","11260","47","16","positive","13"
"post_02043","2025-10-31","YouTube","Short","Synthetic social media update","#technology #learning","26735","43936","2728","398","189","13648","94","31","negative","13"
"post_02044","2025-09-13","X/Twitter","Video","Synthetic social media update","#learning #community","27504","52745","2016","183","312","13072","66","22","neutral","7"
"post_02045","2025-04-16","Facebook","Carousel","Synthetic social media update","#technology #growth","3842","7623","166","12","20","11272","5","2","neutral","18"
"post_02046","2025-01-25","Instagram","Carousel","Synthetic social media update","#technology #marketing","18230","25882","658","76","46","10300","22","7","positive","22"
"post_02047","2026-03-30","YouTube","Text","Synthetic social media update","#community #business","23424","31181","1692","143","260","11068","55","18","negative","21"
"post_02048","2025-08-22","X/Twitter","Image","Synthetic social media update","#analytics #news","10574","25462","444","22","33","12808","14","5","negative","17"
"post_02049","2025-11-11","LinkedIn","Short","Synthetic social media update","#growth #community","15661","40673","1125","116","179","13780","37","12","neutral","20"
"post_02050","2025-02-02","Instagram","Short","Synthetic social media update","#marketing #analytics","9619","21274","1009","189","110","10396","36","12","neutral","13"
"post_02051","2026-02-08","YouTube","Text","Synthetic social media update","#business #community","9027","22659","501","95","50","10468","18","6","neutral","10"
"post_02052","2025-01-06","Instagram","Reel","Synthetic social media update","#analytics #marketing","7928","11584","267","34","10","10072","9","3","neutral","6"
"post_02053","2025-03-03","YouTube","Live","Synthetic social media update","#analytics #learning","25318","47268","1765","334","173","10744","63","21","positive","9"
"post_02054","2025-04-14","Facebook","Text","Synthetic social media update","#marketing #analytics","25241","39157","1632","152","68","11248","54","18","positive","4"
"post_02055","2025-09-26","LinkedIn","Image","Synthetic social media update","#business #growth","24950","41925","2634","348","205","13228","89","30","neutral","6"
"post_02056","2025-06-24","LinkedIn","Carousel","Synthetic social media update","#growth #news","13644","31889","1067","95","82","12100","35","12","neutral","18"
"post_02057","2025-06-25","Facebook","Image","Synthetic social media update","#marketing #community","7264","14806","539","65","26","12112","18","6","neutral","19"
"post_02058","2025-11-22","Facebook","Short","Synthetic social media update","#analytics #business","20158","36334","1048","80","86","13912","34","11","positive","21"
"post_02059","2026-02-23","Facebook","Video","Synthetic social media update","#analytics #technology","1255","3011","75","3","4","10648","2","1","positive","5"
"post_02060","2025-02-28","LinkedIn","Video","Synthetic social media update","#community #marketing","24184","40457","1073","181","104","10708","38","13","neutral","6"
"post_02061","2025-07-20","Facebook","Short","Synthetic social media update","#technology #growth","16512","38576","1715","79","145","12412","54","18","neutral","3"
"post_02062","2025-06-21","LinkedIn","Live","Synthetic social media update","#learning #growth","25948","50524","2483","191","343","12064","80","27","negative","20"
"post_02063","2025-08-21","YouTube","Carousel","Synthetic social media update","#marketing #growth","20659","30600","1856","129","139","12796","60","20","neutral","11"
"post_02064","2025-08-04","X/Twitter","Image","Synthetic social media update","#news #learning","14163","30691","981","164","111","12592","34","11","positive","2"
"post_02065","2025-06-03","X/Twitter","Carousel","Synthetic social media update","#marketing #analytics","25807","53016","1230","56","95","11848","39","13","negative","23"
"post_02066","2026-03-08","LinkedIn","Live","Synthetic social media update","#business #marketing","23130","55593","851","53","70","10804","27","9","neutral","18"
"post_02067","2025-12-03","X/Twitter","Video","Synthetic social media update","#business #news","20975","38806","1753","307","229","14044","62","21","positive","8"
"post_02068","2025-01-11","Facebook","Image","Synthetic social media update","#business #news","15615","29887","1578","68","169","10132","49","16","neutral","10"
"post_02069","2025-11-20","LinkedIn","Short","Synthetic social media update","#learning #marketing","16444","28786","1154","180","119","13888","40","13","positive","8"
"post_02070","2025-06-09","YouTube","Short","Synthetic social media update","#community #growth","11017","13318","901","94","28","11920","30","10","negative","4"
"post_02071","2025-06-20","YouTube","Live","Synthetic social media update","#marketing #technology","28671","74226","1686","291","168","12052","59","20","positive","21"
"post_02072","2025-01-31","Facebook","Live","Synthetic social media update","#technology #news","3175","7356","328","63","52","10372","12","4","neutral","4"
"post_02073","2026-03-06","YouTube","Carousel","Synthetic social media update","#growth #learning","1521","2043","122","21","7","10780","4","1","positive","20"
"post_02074","2025-08-08","Instagram","Text","Synthetic social media update","#business #analytics","3369","5309","223","42","21","12640","8","3","positive","4"
"post_02075","2025-11-03","Instagram","Text","Synthetic social media update","#marketing #analytics","9739","22984","921","111","73","13684","31","10","neutral","10"
"post_02076","2025-11-12","Facebook","Video","Synthetic social media update","#technology #growth","7980","12064","300","54","40","13792","11","4","negative","7"
"post_02077","2025-09-10","Facebook","Reel","Synthetic social media update","#growth #learning","12378","20415","428","83","44","13036","15","5","positive","14"
"post_02078","2026-03-28","Facebook","Short","Synthetic social media update","#growth #technology","15883","36716","1436","220","204","11044","50","17","neutral","5"
"post_02079","2025-02-28","Facebook","Carousel","Synthetic social media update","#business #community","5693","7499","204","34","27","10708","7","2","negative","23"
"post_02080","2025-09-19","Instagram","Video","Synthetic social media update","#news #learning","18928","26047","692","112","60","13144","24","8","negative","5"
"post_02081","2026-01-23","LinkedIn","Image","Synthetic social media update","#news #learning","13634","22214","667","100","71","10276","23","8","positive","11"
"post_02082","2025-06-26","Instagram","Image","Synthetic social media update","#growth #community","6669","17097","268","19","34","12124","9","3","positive","7"
"post_02083","2025-04-28","Instagram","Reel","Synthetic social media update","#technology #learning","2386","2887","237","16","31","11416","8","3","neutral","10"
"post_02084","2026-03-30","YouTube","Short","Synthetic social media update","#marketing #technology","11370","17456","519","51","29","11068","17","6","neutral","22"
"post_02085","2025-06-26","YouTube","Reel","Synthetic social media update","#technology #news","18391","41345","1379","81","88","12124","44","15","neutral","11"
"post_02086","2026-02-14","LinkedIn","Reel","Synthetic social media update","#learning #business","29601","42068","2467","275","307","10540","82","27","negative","13"
"post_02087","2025-01-24","LinkedIn","Text","Synthetic social media update","#business #learning","15160","32090","597","50","53","10288","19","6","negative","23"
"post_02088","2025-12-13","LinkedIn","Reel","Synthetic social media update","#business #learning","28022","62432","933","145","136","14164","32","11","positive","11"
"post_02089","2025-12-06","LinkedIn","Image","Synthetic social media update","#technology #business","16436","32704","1805","305","273","14080","63","21","neutral","16"
"post_02090","2025-12-07","X/Twitter","Image","Synthetic social media update","#analytics #technology","26318","35621","1814","258","193","14092","62","21","negative","11"
"post_02091","2025-05-12","X/Twitter","Text","Synthetic social media update","#analytics #learning","22153","53686","2295","269","192","11584","77","26","negative","22"
"post_02092","2026-03-05","Facebook","Live","Synthetic social media update","#community #growth","24852","41752","1001","179","38","10768","35","12","negative","11"
"post_02093","2025-05-21","YouTube","Live","Synthetic social media update","#technology #news","8290","11989","327","62","46","11692","12","4","negative","10"
"post_02094","2025-07-03","Instagram","Short","Synthetic social media update","#growth #technology","6726","15487","247","22","17","12208","8","3","positive","14"
"post_02095","2025-08-23","YouTube","Image","Synthetic social media update","#marketing #analytics","22698","54166","1021","147","80","12820","35","12","neutral","17"
"post_02096","2025-10-09","Facebook","Video","Synthetic social media update","#learning #community","6023","11424","637","104","72","13384","22","7","neutral","14"
"post_02097","2026-03-25","X/Twitter","Video","Synthetic social media update","#learning #growth","16727","31194","1581","262","199","11008","55","18","neutral","17"
"post_02098","2026-01-04","Facebook","Video","Synthetic social media update","#technology #news","29275","43966","3025","257","198","10048","98","33","negative","1"
"post_02099","2025-08-01","Facebook","Image","Synthetic social media update","#marketing #analytics","24961","32686","2394","438","121","12556","85","28","neutral","6"
"post_02100","2025-05-23","X/Twitter","Short","Synthetic social media update","#analytics #technology","19184","25087","1929","125","216","11716","62","21","positive","22"
"post_02101","2025-07-03","LinkedIn","Live","Synthetic social media update","#business #analytics","28093","59037","923","82","89","12208","30","10","positive","6"
"post_02102","2025-10-30","Facebook","Carousel","Synthetic social media update","#growth #analytics","5167","10559","330","47","45","13636","11","4","neutral","17"
"post_02103","2026-02-20","X/Twitter","Text","Synthetic social media update","#analytics #growth","13320","17910","543","91","23","10612","19","6","positive","2"
"post_02104","2025-12-13","X/Twitter","Video","Synthetic social media update","#marketing #technology","20174","38241","1501","219","219","14164","52","17","positive","18"
"post_02105","2025-08-24","YouTube","Reel","Synthetic social media update","#learning #technology","17969","22393","1711","137","130","12832","55","18","negative","4"
"post_02106","2025-04-24","YouTube","Image","Synthetic social media update","#marketing #growth","1812","3910","167","13","20","11368","5","2","neutral","19"
"post_02107","2025-04-19","YouTube","Carousel","Synthetic social media update","#marketing #business","15348","35009","477","42","24","11308","16","5","neutral","14"
"post_02108","2025-12-12","X/Twitter","Carousel","Synthetic social media update","#technology #news","6830","14310","498","29","69","14152","16","5","negative","14"
"post_02109","2026-02-07","Facebook","Image","Synthetic social media update","#analytics #community","25485","39344","1610","225","224","10456","55","18","negative","21"
"post_02110","2025-05-19","LinkedIn","Video","Synthetic social media update","#learning #growth","16997","28172","928","181","144","11668","33","11","negative","13"
"post_02111","2025-08-22","Instagram","Text","Synthetic social media update","#community #learning","13834","19647","976","45","57","12808","31","10","neutral","11"
"post_02112","2025-10-31","Facebook","Image","Synthetic social media update","#analytics #growth","27507","60214","2577","164","248","13648","82","27","positive","1"
"post_02113","2025-06-27","Facebook","Live","Synthetic social media update","#learning #marketing","9259","14483","848","106","93","12136","29","10","negative","21"
"post_02114","2025-09-16","Instagram","Reel","Synthetic social media update","#marketing #learning","3785","6967","353","63","39","13108","12","4","positive","8"
"post_02115","2025-06-21","Facebook","Text","Synthetic social media update","#technology #business","7287","16734","739","143","35","12064","26","9","negative","18"
"post_02116","2025-03-14","Facebook","Video","Synthetic social media update","#news #growth","6265","8916","212","15","25","10876","7","2","positive","16"
"post_02117","2026-03-19","Facebook","Live","Synthetic social media update","#technology #community","27804","71465","1989","366","309","10936","71","24","positive","2"
"post_02118","2026-03-02","Facebook","Image","Synthetic social media update","#technology #news","21372","45751","2321","384","116","10732","81","27","neutral","9"
"post_02119","2026-01-06","Facebook","Short","Synthetic social media update","#analytics #growth","22281","54384","866","158","56","10072","31","10","neutral","1"
"post_02120","2025-10-01","Instagram","Reel","Synthetic social media update","#community #growth","11553","27271","1228","138","103","13288","41","14","negative","16"
"post_02121","2026-03-29","LinkedIn","Video","Synthetic social media update","#news #analytics","24802","48652","1997","209","290","11056","66","22","neutral","4"
"post_02122","2025-05-01","Instagram","Image","Synthetic social media update","#learning #growth","25903","50290","1961","265","174","11452","67","22","negative","19"
"post_02123","2025-10-14","X/Twitter","Image","Synthetic social media update","#learning #technology","16210","19577","1479","76","96","13444","47","16","negative","17"
"post_02124","2025-08-30","YouTube","Carousel","Synthetic social media update","#community #growth","12551","27080","1203","96","63","12904","39","13","negative","2"
"post_02125","2025-11-18","Instagram","Short","Synthetic social media update","#marketing #learning","23701","59184","1783","114","214","13864","57","19","negative","19"
"post_02126","2025-06-14","Instagram","Live","Synthetic social media update","#learning #news","2990","4148","176","33","10","11980","6","2","positive","1"
"post_02127","2025-09-13","Instagram","Live","Synthetic social media update","#learning #news","20390","34996","2075","319","75","13072","72","24","negative","0"
"post_02128","2025-05-28","Facebook","Short","Synthetic social media update","#business #technology","4107","5783","329","61","27","11776","12","4","neutral","23"
"post_02129","2025-10-09","YouTube","Carousel","Synthetic social media update","#growth #learning","12250","30233","887","104","62","13384","30","10","positive","0"
"post_02130","2026-02-20","Instagram","Image","Synthetic social media update","#community #analytics","16684","20450","1260","75","190","10612","40","13","neutral","21"
"post_02131","2026-01-25","Instagram","Carousel","Synthetic social media update","#analytics #technology","14602","36091","1534","119","138","10300","50","17","negative","10"
"post_02132","2025-07-25","Facebook","Image","Synthetic social media update","#news #analytics","13681","24225","612","102","72","12472","21","7","positive","3"
"post_02133","2025-07-09","YouTube","Image","Synthetic social media update","#learning #community","4557","11122","245","25","12","12280","8","3","positive","12"
"post_02134","2025-08-19","LinkedIn","Carousel","Synthetic social media update","#news #learning","3988","8939","284","14","25","12772","9","3","positive","10"
"post_02135","2025-05-16","Instagram","Carousel","Synthetic social media update","#business #technology","17958","26370","1106","213","157","11632","40","13","neutral","8"
"post_02136","2025-12-18","Facebook","Reel","Synthetic social media update","#marketing #technology","14608","33245","971","188","154","14224","35","12","negative","4"
"post_02137","2025-09-10","Instagram","Text","Synthetic social media update","#growth #community","28140","36600","1899","120","257","13036","61","20","neutral","22"
"post_02138","2025-03-01","YouTube","Live","Synthetic social media update","#analytics #news","25412","57085","1568","313","185","10720","56","19","negative","17"
"post_02139","2025-06-07","Facebook","Live","Synthetic social media update","#learning #community","23175","53557","798","91","75","11896","27","9","neutral","15"
"post_02140","2025-09-10","Instagram","Text","Synthetic social media update","#analytics #news","26950","52249","1243","138","42","13036","41","14","neutral","2"
"post_02141","2025-04-25","Instagram","Short","Synthetic social media update","#technology #analytics","7550","9462","484","60","50","11380","16","5","positive","1"
"post_02142","2025-07-28","YouTube","Video","Synthetic social media update","#growth #community","24956","51113","815","52","29","12508","26","9","positive","21"
"post_02143","2025-01-03","X/Twitter","Image","Synthetic social media update","#business #learning","11623","14980","412","60","31","10036","14","5","neutral","15"
"post_02144","2026-03-09","LinkedIn","Video","Synthetic social media update","#technology #news","14827","24100","686","108","81","10816","24","8","neutral","8"
"post_02145","2025-08-30","LinkedIn","Reel","Synthetic social media update","#learning #marketing","6503","14599","336","57","38","12904","12","4","negative","20"
"post_02146","2025-01-25","Facebook","Carousel","Synthetic social media update","#analytics #learning","4238","10450","331","20","26","10300","11","4","neutral","3"
"post_02147","2025-12-13","Instagram","Reel","Synthetic social media update","#growth #analytics","4553","9057","315","19","35","14164","10","3","neutral","14"
"post_02148","2025-05-18","Facebook","Short","Synthetic social media update","#news #business","11174","17085","426","30","29","11656","14","5","positive","2"
"post_02149","2025-04-24","Instagram","Text","Synthetic social media update","#learning #technology","18027","34745","1332","169","127","11368","45","15","positive","20"
"post_02150","2025-02-06","YouTube","Short","Synthetic social media update","#analytics #growth","17695","36052","1036","109","39","10444","34","11","positive","16"
"post_02151","2025-03-04","YouTube","Image","Synthetic social media update","#analytics #growth","17196","27767","1314","192","66","10756","45","15","positive","0"
"post_02152","2025-07-06","LinkedIn","Image","Synthetic social media update","#business #marketing","27380","63932","2438","319","167","12244","83","28","negative","13"
"post_02153","2026-03-07","X/Twitter","Image","Synthetic social media update","#growth #community","16749","36333","1761","268","189","10792","61","20","negative","23"
"post_02154","2025-11-13","Instagram","Text","Synthetic social media update","#growth #marketing","28790","60479","960","184","89","13804","34","11","neutral","0"
"post_02155","2026-02-08","YouTube","Video","Synthetic social media update","#news #community","14499","22189","726","56","113","10468","23","8","neutral","20"
"post_02156","2025-12-26","Instagram","Video","Synthetic social media update","#community #news","22845","45996","1608","94","129","14320","51","17","positive","14"
"post_02157","2026-02-05","Instagram","Reel","Synthetic social media update","#business #growth","10143","24251","528","32","57","10432","17","6","positive","20"
"post_02158","2025-12-27","Instagram","Text","Synthetic social media update","#growth #business","20930","31662","1568","170","166","14332","52","17","negative","7"
"post_02159","2025-11-18","X/Twitter","Carousel","Synthetic social media update","#analytics #marketing","6907","15845","530","96","62","13864","19","6","negative","10"
"post_02160","2026-02-27","Facebook","Live","Synthetic social media update","#community #growth","4680","6885","447","84","66","10696","16","5","positive","4"
"post_02161","2025-02-25","X/Twitter","Image","Synthetic social media update","#news #technology","2343","3916","203","23","18","10672","7","2","neutral","4"
"post_02162","2025-02-06","Facebook","Video","Synthetic social media update","#business #marketing","27477","36762","1137","174","124","10444","39","13","positive","17"
"post_02163","2025-06-27","Facebook","Short","Synthetic social media update","#business #growth","28250","60678","1374","95","153","12136","44","15","neutral","20"
"post_02164","2025-10-19","Facebook","Carousel","Synthetic social media update","#technology #business","5933","13834","211","30","33","13504","7","2","positive","11"
"post_02165","2025-02-27","Facebook","Carousel","Synthetic social media update","#analytics #learning","11853","16065","733","75","80","10696","24","8","neutral","23"
"post_02166","2025-02-21","YouTube","Short","Synthetic social media update","#learning #news","24234","43621","2019","346","248","10624","71","24","neutral","19"
"post_02167","2025-08-26","LinkedIn","Short","Synthetic social media update","#business #technology","17001","23237","1268","79","60","12856","40","13","neutral","20"
"post_02168","2025-08-24","X/Twitter","Short","Synthetic social media update","#analytics #learning","18513","22812","1958","115","116","12832","62","21","neutral","12"
"post_02169","2026-01-17","Facebook","Reel","Synthetic social media update","#technology #marketing","22895","34908","1290","199","194","10204","45","15","negative","12"
"post_02170","2025-04-24","LinkedIn","Reel","Synthetic social media update","#community #news","29267","36663","1572","233","225","11368","54","18","negative","19"
"post_02171","2025-04-28","YouTube","Reel","Synthetic social media update","#growth #analytics","14564","34998","897","109","51","11416","30","10","positive","20"
"post_02172","2025-09-07","Facebook","Text","Synthetic social media update","#growth #community","29255","64373","3106","280","123","13000","102","34","negative","5"
"post_02173","2026-01-18","YouTube","Live","Synthetic social media update","#news #technology","18234","37863","1432","93","193","10216","46","15","neutral","7"
"post_02174","2025-05-04","YouTube","Video","Synthetic social media update","#business #analytics","9214","13954","702","37","44","11488","22","7","positive","8"
"post_02175","2026-01-09","Facebook","Image","Synthetic social media update","#learning #business","28711","35277","2361","177","278","10108","76","25","neutral","0"
"post_02176","2026-03-24","X/Twitter","Video","Synthetic social media update","#analytics #community","29304","62803","985","96","142","10996","32","11","negative","20"
"post_02177","2025-04-19","X/Twitter","Text","Synthetic social media update","#community #news","17907","36626","965","102","90","11308","32","11","neutral","9"
"post_02178","2026-02-02","Instagram","Short","Synthetic social media update","#business #analytics","12662","26888","713","45","70","10396","23","8","neutral","22"
"post_02179","2025-06-26","Facebook","Short","Synthetic social media update","#analytics #technology","10378","15796","868","48","68","12124","27","9","neutral","5"
"post_02180","2025-04-08","YouTube","Text","Synthetic social media update","#learning #news","4524","10461","178","34","17","11176","6","2","neutral","15"
"post_02181","2025-04-22","X/Twitter","Image","Synthetic social media update","#technology #business","5324","9468","552","88","74","11344","19","6","neutral","15"
"post_02182","2026-02-14","LinkedIn","Video","Synthetic social media update","#learning #business","14688","22326","1332","249","209","10540","47","16","negative","21"
"post_02183","2025-04-02","Instagram","Video","Synthetic social media update","#growth #marketing","6267","9561","525","62","49","11104","18","6","neutral","6"
"post_02184","2025-06-30","X/Twitter","Short","Synthetic social media update","#community #growth","21208","38933","1751","185","90","12172","58","19","positive","9"
"post_02185","2026-02-23","YouTube","Live","Synthetic social media update","#growth #community","10812","26473","649","128","91","10648","23","8","neutral","8"
"post_02186","2025-04-02","LinkedIn","Carousel","Synthetic social media update","#technology #growth","14205","25833","664","77","81","11104","22","7","negative","11"
"post_02187","2025-07-16","YouTube","Reel","Synthetic social media update","#learning #technology","8278","10343","427","25","25","12364","14","5","positive","19"
"post_02188","2025-06-08","X/Twitter","Reel","Synthetic social media update","#community #marketing","29801","36906","3050","159","358","11908","96","32","negative","19"
"post_02189","2025-11-11","X/Twitter","Text","Synthetic social media update","#news #learning","3392","6668","221","21","31","13780","7","2","negative","11"
"post_02190","2025-03-24","X/Twitter","Short","Synthetic social media update","#community #analytics","29131","48504","2399","376","331","10996","83","28","negative","1"
"post_02191","2025-05-01","X/Twitter","Short","Synthetic social media update","#community #learning","1434","3505","94","10","8","11452","3","1","positive","13"
"post_02192","2025-03-02","LinkedIn","Text","Synthetic social media update","#technology #news","23779","30076","2214","326","267","10732","76","25","neutral","19"
"post_02193","2026-02-26","YouTube","Text","Synthetic social media update","#news #learning","19391","46499","1581","71","159","10684","50","17","neutral","8"
"post_02194","2025-03-21","YouTube","Carousel","Synthetic social media update","#technology #learning","16722","40064","1737","302","169","10960","61","20","negative","15"
"post_02195","2025-01-01","LinkedIn","Live","Synthetic social media update","#learning #news","11280","16578","679","30","28","10012","21","7","negative","4"
"post_02196","2026-03-24","Instagram","Short","Synthetic social media update","#community #business","5124","9323","563","31","36","10996","18","6","neutral","8"
"post_02197","2025-07-09","LinkedIn","Text","Synthetic social media update","#news #business","11934","15886","1206","137","149","12280","40","13","neutral","20"
"post_02198","2026-03-10","Instagram","Short","Synthetic social media update","#analytics #community","24539","36083","824","74","97","10828","27","9","neutral","6"
"post_02199","2025-10-08","LinkedIn","Carousel","Synthetic social media update","#business #learning","11296","26468","466","53","64","13372","16","5","negative","13"
"post_02200","2026-01-11","Facebook","Image","Synthetic social media update","#growth #technology","7304","15096","282","24","23","10132","9","3","neutral","11"
"post_02201","2026-02-21","YouTube","Live","Synthetic social media update","#news #business","7635","16724","736","52","58","10624","24","8","positive","2"
"post_02202","2025-11-10","Facebook","Image","Synthetic social media update","#news #analytics","22867","33683","1545","196","233","13768","52","17","positive","5"
"post_02203","2025-07-14","X/Twitter","Live","Synthetic social media update","#analytics #news","2084","3070","125","7","10","12340","4","1","neutral","16"
"post_02204","2025-12-16","LinkedIn","Image","Synthetic social media update","#growth #community","10890","19859","596","115","19","14200","21","7","negative","12"
"post_02205","2026-03-09","Instagram","Image","Synthetic social media update","#marketing #business","25812","57319","1597","194","233","10816","54","18","negative","17"
"post_02206","2025-09-14","YouTube","Video","Synthetic social media update","#growth #community","2168","3491","113","12","10","13084","4","1","neutral","20"
"post_02207","2025-12-09","LinkedIn","Video","Synthetic social media update","#community #marketing","10559","25162","981","98","73","14116","32","11","positive","10"
"post_02208","2025-08-22","Facebook","Reel","Synthetic social media update","#news #community","9273","20134","528","66","28","12808","18","6","negative","15"
"post_02209","2026-01-31","Instagram","Text","Synthetic social media update","#analytics #news","5050","10910","322","48","38","10372","11","4","neutral","1"
"post_02210","2026-02-16","Facebook","Short","Synthetic social media update","#growth #community","23366","40770","928","173","41","10564","33","11","neutral","1"
"post_02211","2025-01-12","Instagram","Image","Synthetic social media update","#marketing #technology","7791","10413","259","46","26","10144","9","3","positive","16"
"post_02212","2025-12-07","YouTube","Short","Synthetic social media update","#community #technology","29488","71044","2216","159","277","14092","71","24","neutral","21"
"post_02213","2025-02-13","X/Twitter","Text","Synthetic social media update","#business #learning","16677","41012","501","84","73","10528","18","6","negative","3"
"post_02214","2025-07-13","Facebook","Short","Synthetic social media update","#business #analytics","18816","28186","1622","102","122","12328","52","17","neutral","2"
"post_02215","2025-09-14","Instagram","Text","Synthetic social media update","#business #learning","10258","21091","868","141","34","13084","30","10","negative","4"
"post_02216","2026-02-25","Instagram","Video","Synthetic social media update","#learning #technology","29197","65436","1627","198","105","10672","55","18","neutral","5"
"post_02217","2025-04-22","LinkedIn","Text","Synthetic social media update","#news #community","9062","11377","512","55","24","11344","17","6","negative","6"
"post_02218","2025-07-11","LinkedIn","Reel","Synthetic social media update","#learning #growth","10954","20185","1159","71","136","12304","37","12","negative","20"
"post_02219","2025-04-17","X/Twitter","Video","Synthetic social media update","#growth #learning","7978","16861","394","26","28","11284","13","4","negative","7"
"post_02220","2025-03-28","LinkedIn","Text","Synthetic social media update","#community #analytics","25775","56372","2003","243","226","11044","67","22","negative","23"
"post_02221","2025-04-27","X/Twitter","Image","Synthetic social media update","#business #marketing","23815","33217","851","125","79","11404","29","10","positive","0"
"post_02222","2025-03-28","LinkedIn","Short","Synthetic social media update","#growth #community","29965","65033","2146","322","329","11044","74","25","negative","0"
"post_02223","2025-03-15","Instagram","Reel","Synthetic social media update","#growth #news","3600","8910","264","21","26","10888","9","3","negative","17"
"post_02224","2025-07-20","Facebook","Live","Synthetic social media update","#analytics #marketing","18464","45573","1431","215","220","12412","49","16","neutral","4"
"post_02225","2025-09-20","X/Twitter","Video","Synthetic social media update","#business #community","3948","10155","229","12","28","13156","7","2","neutral","8"
"post_02226","2026-02-18","Facebook","Live","Synthetic social media update","#learning #analytics","24974","38420","1031","69","69","10588","33","11","negative","5"
"post_02227","2026-01-10","Instagram","Reel","Synthetic social media update","#learning #business","17924","28623","1541","277","114","10120","55","18","neutral","9"
"post_02228","2026-01-13","X/Twitter","Image","Synthetic social media update","#news #technology","14296","30068","971","185","136","10156","35","12","neutral","17"
"post_02229","2025-08-02","Facebook","Reel","Synthetic social media update","#community #learning","25294","53163","2546","324","175","12568","86","29","neutral","11"
"post_02230","2025-07-12","Facebook","Text","Synthetic social media update","#community #marketing","11003","13887","726","43","95","12316","23","8","neutral","9"
"post_02231","2025-08-06","X/Twitter","Reel","Synthetic social media update","#analytics #learning","15624","23365","683","84","58","12616","23","8","neutral","8"
"post_02232","2025-04-01","YouTube","Text","Synthetic social media update","#growth #analytics","23495","46427","1256","165","200","11092","43","14","neutral","16"
"post_02233","2025-03-12","Facebook","Text","Synthetic social media update","#marketing #business","29490","42794","1888","85","151","10852","59","20","negative","0"
"post_02234","2025-06-12","Instagram","Short","Synthetic social media update","#technology #business","8599","11192","763","42","120","11956","24","8","positive","15"
"post_02235","2025-06-17","Instagram","Image","Synthetic social media update","#growth #analytics","8599","20971","324","53","18","12016","11","4","positive","1"
"post_02236","2026-02-05","Instagram","Video","Synthetic social media update","#business #learning","8199","16639","837","39","92","10432","26","9","neutral","1"
"post_02237","2025-03-06","Instagram","Video","Synthetic social media update","#growth #learning","29885","45919","988","123","81","10780","33","11","positive","1"
"post_02238","2025-03-31","Facebook","Live","Synthetic social media update","#business #technology","10609","21051","344","41","28","11080","12","4","negative","21"
"post_02239","2025-10-29","LinkedIn","Reel","Synthetic social media update","#technology #business","4728","12258","230","44","20","13624","8","3","positive","8"
"post_02240","2025-11-10","Facebook","Carousel","Synthetic social media update","#marketing #community","16206","26142","794","144","115","13768","28","9","negative","5"
"post_02241","2025-09-15","YouTube","Live","Synthetic social media update","#marketing #community","25795","31410","1380","100","102","13096","44","15","negative","5"
"post_02242","2025-07-07","X/Twitter","Image","Synthetic social media update","#analytics #marketing","13110","17084","725","102","33","12256","25","8","negative","18"
"post_02243","2025-02-17","Instagram","Carousel","Synthetic social media update","#marketing #analytics","11229","19196","976","70","147","10576","31","10","negative","2"
"post_02244","2025-03-09","X/Twitter","Image","Synthetic social media update","#technology #growth","10287","16272","552","98","64","10816","20","6","neutral","20"
"post_02245","2025-01-16","Facebook","Reel","Synthetic social media update","#news #community","28511","57193","960","105","114","10192","32","11","negative","4"
"post_02246","2025-10-02","X/Twitter","Short","Synthetic social media update","#learning #growth","4458","8408","309","60","13","13300","11","4","neutral","3"
"post_02247","2025-02-14","YouTube","Live","Synthetic social media update","#technology #analytics","3047","5300","288","36","35","10540","10","3","negative","2"
"post_02248","2025-07-27","LinkedIn","Short","Synthetic social media update","#analytics #technology","22136","55418","1565","221","175","12496","54","18","positive","7"
"post_02249","2025-05-07","Facebook","Carousel","Synthetic social media update","#marketing #news","15202","22869","919","154","96","11524","32","11","positive","19"
"post_02250","2025-06-02","X/Twitter","Video","Synthetic social media update","#community #news","22355","48913","2030","283","199","11836","69","23","positive","3"
"post_02251","2025-08-19","X/Twitter","Carousel","Synthetic social media update","#analytics #community","22798","53031","1825","343","190","12772","65","22","neutral","14"
"post_02252","2026-01-27","YouTube","Video","Synthetic social media update","#community #technology","26073","46949","2008","376","274","10324","72","24","positive","16"
"post_02253","2025-01-06","LinkedIn","Reel","Synthetic social media update","#technology #marketing","23828","45360","2012","342","247","10072","71","24","neutral","23"
"post_02254","2026-02-08","Instagram","Live","Synthetic social media update","#learning #analytics","24179","42705","1809","133","265","10468","58","19","negative","20"
"post_02255","2025-07-26","YouTube","Short","Synthetic social media update","#analytics #growth","29028","45600","3191","445","503","12484","109","36","neutral","3"
"post_02256","2026-01-18","LinkedIn","Image","Synthetic social media update","#technology #learning","4787","10216","351","26","44","10216","11","4","positive","1"
"post_02257","2026-01-05","YouTube","Image","Synthetic social media update","#business #analytics","21975","38176","1982","211","153","10060","66","22","negative","7"
"post_02258","2025-06-21","Instagram","Carousel","Synthetic social media update","#community #news","7827","15871","728","52","106","12064","23","8","neutral","18"
"post_02259","2025-01-27","LinkedIn","Reel","Synthetic social media update","#community #technology","4746","10069","174","7","26","10324","5","2","neutral","6"
"post_02260","2025-06-04","Facebook","Video","Synthetic social media update","#community #business","2486","6058","123","8","19","11860","4","1","neutral","5"
"post_02261","2025-09-24","YouTube","Text","Synthetic social media update","#analytics #learning","23358","53541","2228","228","220","13204","74","25","negative","8"
"post_02262","2025-06-06","YouTube","Video","Synthetic social media update","#growth #community","1345","2944","146","24","18","11884","5","2","negative","15"
"post_02263","2025-12-02","Facebook","Text","Synthetic social media update","#news #marketing","28988","55638","2979","496","121","14032","104","35","positive","23"
"post_02264","2025-10-16","YouTube","Image","Synthetic social media update","#community #learning","6890","13893","649","50","61","13468","21","7","neutral","7"
"post_02265","2025-11-13","Facebook","Image","Synthetic social media update","#technology #news","27491","45365","845","77","64","13804","28","9","positive","1"
"post_02266","2025-08-05","Facebook","Video","Synthetic social media update","#analytics #technology","14793","38366","535","68","49","12604","18","6","positive","20"
"post_02267","2025-01-12","YouTube","Image","Synthetic social media update","#marketing #analytics","21569","46293","782","72","102","10144","26","9","negative","5"
"post_02268","2025-12-07","YouTube","Image","Synthetic social media update","#business #growth","28371","42497","1426","144","115","14092","47","16","neutral","22"
"post_02269","2025-09-27","Facebook","Short","Synthetic social media update","#growth #analytics","16050","39519","730","34","94","13240","23","8","neutral","3"
"post_02270","2025-04-25","X/Twitter","Reel","Synthetic social media update","#community #growth","9299","19054","566","65","42","11380","19","6","negative","20"
"post_02271","2025-11-09","Facebook","Text","Synthetic social media update","#community #business","10280","16663","469","42","65","13756","15","5","positive","5"
"post_02272","2025-11-12","Instagram","Video","Synthetic social media update","#marketing #business","8791","13836","676","87","70","13792","23","8","positive","12"
"post_02273","2025-01-18","Facebook","Live","Synthetic social media update","#analytics #learning","28765","38877","3139","521","261","10216","110","37","neutral","13"
"post_02274","2025-12-23","Instagram","Short","Synthetic social media update","#business #learning","8805","12099","299","48","34","14284","10","3","neutral","7"
"post_02275","2026-02-07","YouTube","Reel","Synthetic social media update","#marketing #news","13539","24834","507","61","45","10456","17","6","negative","16"
"post_02276","2026-01-16","LinkedIn","Image","Synthetic social media update","#learning #analytics","24102","34138","968","143","45","10192","33","11","positive","7"
"post_02277","2025-07-05","LinkedIn","Short","Synthetic social media update","#marketing #learning","13708","31234","1125","113","163","12232","37","12","negative","5"
"post_02278","2026-01-10","LinkedIn","Reel","Synthetic social media update","#growth #marketing","19295","26319","1860","103","102","10120","59","20","negative","20"
"post_02279","2025-08-11","YouTube","Live","Synthetic social media update","#community #learning","21905","44102","2209","431","266","12676","79","26","neutral","3"
"post_02280","2025-06-22","X/Twitter","Reel","Synthetic social media update","#community #business","27545","42355","3001","353","371","12076","101","34","negative","18"
"post_02281","2025-11-23","X/Twitter","Text","Synthetic social media update","#business #analytics","26441","48744","2768","311","129","13924","92","31","positive","23"
"post_02282","2025-01-14","Facebook","Image","Synthetic social media update","#business #analytics","25438","31321","909","173","64","10168","32","11","positive","13"
"post_02283","2025-11-06","X/Twitter","Carousel","Synthetic social media update","#technology #growth","25352","31433","1137","120","131","13720","38","13","neutral","15"
"post_02284","2025-06-07","YouTube","Live","Synthetic social media update","#technology #growth","5264","10230","524","76","65","11896","18","6","neutral","18"
"post_02285","2025-07-17","LinkedIn","Video","Synthetic social media update","#learning #analytics","4270","10808","436","61","25","12376","15","5","neutral","20"
"post_02286","2025-01-21","Instagram","Text","Synthetic social media update","#learning #community","3955","6930","130","12","5","10252","4","1","negative","16"
"post_02287","2025-08-26","X/Twitter","Image","Synthetic social media update","#learning #technology","19013","26617","1561","194","184","12856","53","18","negative","23"
"post_02288","2025-07-09","YouTube","Short","Synthetic social media update","#learning #technology","4454","8559","432","48","51","12280","14","5","positive","22"
"post_02289","2025-09-11","YouTube","Text","Synthetic social media update","#analytics #technology","18367","28045","808","120","52","13048","28","9","positive","2"
"post_02290","2025-09-08","X/Twitter","Carousel","Synthetic social media update","#news #growth","8679","22486","701","111","59","13012","24","8","negative","11"
"post_02291","2025-06-20","LinkedIn","Image","Synthetic social media update","#technology #learning","13357","26674","1284","131","116","12052","42","14","negative","6"
"post_02292","2025-09-26","X/Twitter","Reel","Synthetic social media update","#news #business","4892","7354","270","15","40","13228","9","3","neutral","10"
"post_02293","2026-03-18","YouTube","Reel","Synthetic social media update","#learning #marketing","13268","33941","1264","231","193","10924","45","15","positive","11"
"post_02294","2025-02-13","Instagram","Text","Synthetic social media update","#community #learning","17331","39209","1357","87","169","10528","43","14","positive","18"
"post_02295","2025-12-25","YouTube","Text","Synthetic social media update","#marketing #community","16111","35234","1667","84","239","14308","53","18","negative","22"
"post_02296","2025-09-03","LinkedIn","Video","Synthetic social media update","#analytics #news","15272","30172","595","73","20","12952","20","7","neutral","14"
"post_02297","2026-03-02","Facebook","Reel","Synthetic social media update","#news #growth","5895","14443","442","84","41","10732","16","5","positive","12"
"post_02298","2025-03-17","YouTube","Video","Synthetic social media update","#news #community","20062","38431","1805","237","165","10912","61","20","neutral","12"
"post_02299","2025-12-09","Instagram","Video","Synthetic social media update","#marketing #technology","28426","56460","1464","252","72","14116","51","17","positive","10"
"post_02300","2025-02-10","Instagram","Video","Synthetic social media update","#business #growth","25248","58589","1459","228","159","10492","51","17","positive","23"
"post_02301","2026-03-22","Facebook","Live","Synthetic social media update","#technology #marketing","23763","58125","1031","152","132","10972","35","12","positive","17"
"post_02302","2025-09-05","Instagram","Reel","Synthetic social media update","#technology #business","25846","36057","2674","193","244","12976","86","29","positive","21"
"post_02303","2025-12-01","X/Twitter","Live","Synthetic social media update","#learning #growth","13791","28292","463","33","14","14020","15","5","neutral","7"
"post_02304","2025-01-10","LinkedIn","Text","Synthetic social media update","#analytics #technology","16238","24819","713","33","27","10120","22","7","neutral","18"
"post_02305","2025-09-30","Instagram","Video","Synthetic social media update","#analytics #growth","27314","43950","922","126","42","13276","31","10","negative","22"
"post_02306","2025-03-08","YouTube","Reel","Synthetic social media update","#business #learning","7520","16742","337","49","34","10804","12","4","negative","17"
"post_02307","2026-03-17","X/Twitter","Video","Synthetic social media update","#growth #news","21896","42338","1679","167","261","10912","55","18","neutral","16"
"post_02308","2026-02-05","Instagram","Video","Synthetic social media update","#marketing #technology","9760","19018","813","103","35","10432","27","9","neutral","9"
"post_02309","2025-07-19","Instagram","Short","Synthetic social media update","#business #marketing","5772","9564","527","62","69","12400","18","6","negative","8"
"post_02310","2025-08-24","Facebook","Carousel","Synthetic social media update","#business #analytics","24527","32819","2570","481","303","12832","92","31","neutral","7"
"post_02311","2025-11-04","X/Twitter","Text","Synthetic social media update","#marketing #growth","2125","4329","65","3","3","13696","2","1","neutral","13"
"post_02312","2025-10-22","Facebook","Image","Synthetic social media update","#business #news","9742","17356","985","189","88","13540","35","12","neutral","22"
"post_02313","2025-02-12","X/Twitter","Text","Synthetic social media update","#business #learning","5774","11371","348","59","44","10516","12","4","positive","8"
"post_02314","2025-12-07","LinkedIn","Image","Synthetic social media update","#learning #community","21860","46162","2053","240","90","14092","69","23","positive","3"
"post_02315","2025-12-07","YouTube","Video","Synthetic social media update","#news #business","21110","31021","2263","271","360","14092","76","25","negative","22"
"post_02316","2026-03-26","Facebook","Video","Synthetic social media update","#marketing #growth","7707","14049","276","11","23","11020","9","3","positive","15"
"post_02317","2025-04-04","YouTube","Reel","Synthetic social media update","#news #business","24504","50661","2272","290","302","11128","77","26","positive","12"
"post_02318","2025-07-05","LinkedIn","Short","Synthetic social media update","#growth #news","6983","13173","607","66","87","12232","20","7","positive","4"
"post_02319","2026-02-05","LinkedIn","Reel","Synthetic social media update","#growth #learning","12026","30919","638","87","91","10432","22","7","neutral","15"
"post_02320","2025-12-29","Instagram","Text","Synthetic social media update","#community #business","28555","72550","1939","333","295","14356","68","23","negative","21"
"post_02321","2025-07-09","X/Twitter","Carousel","Synthetic social media update","#marketing #analytics","15906","39972","661","95","20","12280","23","8","negative","12"
"post_02322","2025-10-21","Instagram","Live","Synthetic social media update","#analytics #news","23669","56592","1457","227","220","13528","51","17","positive","12"
"post_02323","2025-03-24","X/Twitter","Short","Synthetic social media update","#growth #learning","21434","35017","1229","85","168","10996","39","13","negative","17"
"post_02324","2026-02-09","Facebook","Live","Synthetic social media update","#technology #growth","23687","32177","1038","114","147","10480","35","12","neutral","5"
"post_02325","2025-10-18","X/Twitter","Live","Synthetic social media update","#analytics #learning","1056","1576","88","6","7","13492","3","1","neutral","13"
"post_02326","2025-12-08","LinkedIn","Image","Synthetic social media update","#community #business","22135","57103","1956","358","160","14104","69","23","neutral","4"
"post_02327","2026-03-15","LinkedIn","Text","Synthetic social media update","#technology #community","19341","35749","822","62","61","10888","27","9","positive","14"
"post_02328","2026-03-12","LinkedIn","Short","Synthetic social media update","#technology #marketing","26655","68245","2032","330","154","10852","71","24","neutral","0"
"post_02329","2025-04-01","X/Twitter","Text","Synthetic social media update","#learning #community","29485","70544","3236","335","298","11092","107","36","negative","1"
"post_02330","2025-05-07","Instagram","Live","Synthetic social media update","#learning #business","8916","21014","841","156","104","11524","30","10","negative","20"
"post_02331","2025-07-23","X/Twitter","Live","Synthetic social media update","#learning #analytics","18330","36133","1852","95","170","12448","58","19","neutral","3"
"post_02332","2026-03-16","Facebook","Reel","Synthetic social media update","#analytics #business","29231","44200","1335","101","202","10900","43","14","negative","15"
"post_02333","2025-12-12","X/Twitter","Reel","Synthetic social media update","#news #marketing","10577","17757","1097","217","158","14152","39","13","neutral","1"
"post_02334","2025-10-30","Instagram","Reel","Synthetic social media update","#growth #community","18106","25699","1121","191","35","13636","39","13","positive","2"
"post_02335","2026-02-25","LinkedIn","Live","Synthetic social media update","#business #marketing","3529","9014","314","43","47","10672","11","4","negative","1"
"post_02336","2025-09-22","LinkedIn","Reel","Synthetic social media update","#marketing #community","3496","5513","303","27","30","13180","10","3","positive","16"
"post_02337","2026-02-15","Instagram","Image","Synthetic social media update","#news #learning","15068","25625","1559","65","108","10552","49","16","neutral","13"
"post_02338","2025-06-23","YouTube","Short","Synthetic social media update","#technology #analytics","21609","35714","2097","357","278","12088","74","25","positive","14"
"post_02339","2025-05-23","Instagram","Live","Synthetic social media update","#community #analytics","15492","19458","1319","169","97","11716","45","15","positive","21"
"post_02340","2025-02-11","YouTube","Short","Synthetic social media update","#marketing #business","6586","9895","582","97","52","10504","20","7","neutral","4"
"post_02341","2025-11-27","YouTube","Reel","Synthetic social media update","#business #marketing","21166","39630","1256","90","97","13972","40","13","neutral","5"
"post_02342","2026-02-10","Facebook","Video","Synthetic social media update","#business #technology","11517","29474","1122","96","160","10492","37","12","negative","19"
"post_02343","2025-06-16","X/Twitter","Video","Synthetic social media update","#marketing #learning","15041","37763","582","67","40","12004","19","6","neutral","23"
"post_02344","2025-01-24","YouTube","Text","Synthetic social media update","#business #growth","26077","52091","799","94","78","10288","27","9","positive","3"
"post_02345","2025-08-12","Instagram","Short","Synthetic social media update","#growth #community","29728","40576","2252","110","86","12688","71","24","negative","8"
"post_02346","2025-07-23","LinkedIn","Reel","Synthetic social media update","#business #learning","24286","60038","827","39","35","12448","26","9","neutral","14"
"post_02347","2026-02-11","LinkedIn","Reel","Synthetic social media update","#growth #business","6706","15682","487","93","19","10504","17","6","neutral","8"
"post_02348","2025-06-11","X/Twitter","Carousel","Synthetic social media update","#analytics #community","9815","18430","435","74","40","11944","15","5","negative","21"
"post_02349","2025-01-25","Facebook","Video","Synthetic social media update","#community #news","16483","27891","669","120","33","10300","24","8","neutral","19"
"post_02350","2026-03-16","YouTube","Text","Synthetic social media update","#analytics #growth","7954","16176","616","99","47","10900","21","7","negative","10"
"post_02351","2025-10-13","LinkedIn","Video","Synthetic social media update","#community #marketing","29871","40696","2521","351","288","13432","86","29","negative","14"
"post_02352","2025-04-16","Facebook","Text","Synthetic social media update","#analytics #technology","16475","42051","1130","175","158","11272","39","13","negative","1"
"post_02353","2025-10-27","X/Twitter","Text","Synthetic social media update","#community #marketing","12296","25048","1315","86","94","13600","42","14","negative","17"
"post_02354","2025-07-12","Facebook","Live","Synthetic social media update","#marketing #business","9248","18745","323","21","27","12316","10","3","positive","20"
"post_02355","2025-08-22","YouTube","Image","Synthetic social media update","#news #community","17888","32711","1098","181","120","12808","38","13","negative","18"
"post_02356","2026-02-03","LinkedIn","Carousel","Synthetic social media update","#community #learning","24169","41645","2345","199","147","10408","76","25","neutral","0"
"post_02357","2025-08-26","YouTube","Image","Synthetic social media update","#growth #community","6830","15004","625","95","66","12856","22","7","neutral","11"
"post_02358","2025-05-26","YouTube","Video","Synthetic social media update","#marketing #growth","16996","30316","1097","176","173","11752","38","13","positive","23"
"post_02359","2025-03-24","Facebook","Live","Synthetic social media update","#learning #technology","25172","38225","1780","92","133","10996","56","19","negative","10"
"post_02360","2025-12-23","LinkedIn","Image","Synthetic social media update","#community #news","10603","20545","496","34","56","14284","16","5","neutral","19"
"post_02361","2025-11-12","Instagram","Live","Synthetic social media update","#news #learning","13663","35131","1041","152","69","13792","36","12","negative","8"
"post_02362","2025-02-09","YouTube","Short","Synthetic social media update","#growth #learning","25737","51505","2786","306","159","10480","93","31","neutral","16"
"post_02363","2025-11-13","YouTube","Carousel","Synthetic social media update","#growth #marketing","20985","48127","1317","106","159","13804","43","14","positive","8"
"post_02364","2025-04-26","Instagram","Reel","Synthetic social media update","#analytics #marketing","9783","17270","1064","152","155","11392","36","12","neutral","6"
"post_02365","2026-01-21","X/Twitter","Carousel","Synthetic social media update","#learning #technology","11457","25039","790","42","92","10252","25","8","negative","8"
"post_02366","2025-12-18","LinkedIn","Image","Synthetic social media update","#business #marketing","4416","7081","253","44","28","14224","9","3","negative","0"
"post_02367","2025-05-27","LinkedIn","Reel","Synthetic social media update","#news #marketing","4302","5605","462","80","28","11764","16","5","neutral","20"
"post_02368","2025-06-01","Facebook","Short","Synthetic social media update","#news #business","25476","62840","2602","516","246","11824","94","31","positive","4"
"post_02369","2025-05-31","Facebook","Live","Synthetic social media update","#business #analytics","17484","32861","922","46","102","11812","29","10","neutral","23"
"post_02370","2025-03-08","Instagram","Text","Synthetic social media update","#business #community","28076","63024","2826","247","352","10804","92","31","neutral","9"
"post_02371","2025-10-23","LinkedIn","Text","Synthetic social media update","#community #news","1569","4059","76","5","10","13552","2","1","negative","5"
"post_02372","2025-06-09","YouTube","Short","Synthetic social media update","#news #analytics","21200","27487","1883","369","73","11920","68","23","positive","19"
"post_02373","2026-02-17","YouTube","Short","Synthetic social media update","#technology #growth","21940","38077","1228","235","105","10576","44","15","positive","23"
"post_02374","2025-10-03","YouTube","Short","Synthetic social media update","#analytics #news","17014","30138","1167","232","59","13312","42","14","neutral","8"
"post_02375","2025-02-24","YouTube","Text","Synthetic social media update","#learning #growth","18774","40397","1772","150","172","10660","58","19","positive","4"
"post_02376","2026-02-18","YouTube","Text","Synthetic social media update","#news #community","15107","20529","978","55","91","10588","31","10","negative","16"
"post_02377","2025-05-09","X/Twitter","Carousel","Synthetic social media update","#community #learning","18737","36496","692","93","41","11548","24","8","positive","5"
"post_02378","2025-12-04","LinkedIn","Text","Synthetic social media update","#technology #analytics","21578","40931","1669","223","153","14056","57","19","negative","22"
"post_02379","2025-01-21","Facebook","Short","Synthetic social media update","#marketing #growth","2483","3064","149","20","21","10252","5","2","positive","2"
"post_02380","2025-06-22","Facebook","Image","Synthetic social media update","#learning #growth","2662","5645","162","31","18","12076","6","2","negative","12"
"post_02381","2025-04-08","Instagram","Live","Synthetic social media update","#community #growth","14221","21188","532","69","80","11176","18","6","neutral","21"
"post_02382","2026-01-23","X/Twitter","Live","Synthetic social media update","#business #learning","19817","50930","1950","386","103","10276","70","23","positive","5"
"post_02383","2025-08-07","X/Twitter","Video","Synthetic social media update","#business #technology","25240","53992","1228","201","188","12628","43","14","neutral","7"
"post_02384","2025-10-18","LinkedIn","Short","Synthetic social media update","#business #community","21349","47384","2327","260","155","13492","78","26","negative","22"
"post_02385","2026-01-04","X/Twitter","Text","Synthetic social media update","#marketing #learning","8756","11295","788","98","110","10048","27","9","positive","4"
"post_02386","2025-06-30","X/Twitter","Text","Synthetic social media update","#business #analytics","2304","4796","154","27","16","12172","5","2","neutral","5"
"post_02387","2025-05-26","X/Twitter","Video","Synthetic social media update","#growth #news","8428","15953","839","142","27","11752","29","10","negative","15"
"post_02388","2025-07-05","X/Twitter","Reel","Synthetic social media update","#community #business","13301","18729","1256","76","48","12232","40","13","positive","2"
"post_02389","2025-11-19","LinkedIn","Live","Synthetic social media update","#technology #analytics","27914","69705","2761","269","225","13876","91","30","neutral","5"
"post_02390","2025-02-26","LinkedIn","Text","Synthetic social media update","#business #analytics","19537","47346","887","95","113","10684","29","10","neutral","9"
"post_02391","2026-03-04","Facebook","Carousel","Synthetic social media update","#technology #growth","24063","62515","2057","190","223","10756","67","22","neutral","5"
"post_02392","2025-05-31","X/Twitter","Carousel","Synthetic social media update","#growth #technology","15879","40255","973","153","129","11812","34","11","neutral","9"
"post_02393","2025-08-21","Facebook","Image","Synthetic social media update","#learning #growth","16597","28773","1195","57","182","12796","38","13","positive","5"
"post_02394","2025-06-26","YouTube","Video","Synthetic social media update","#marketing #community","5256","11259","242","32","22","12124","8","3","negative","5"
"post_02395","2025-08-31","X/Twitter","Carousel","Synthetic social media update","#learning #community","27392","70926","1535","176","68","12916","51","17","negative","5"
"post_02396","2025-07-28","X/Twitter","Short","Synthetic social media update","#technology #learning","26723","64421","1921","206","82","12508","64","21","neutral","6"
"post_02397","2025-10-20","YouTube","Video","Synthetic social media update","#technology #business","25665","45059","2719","373","317","13516","93","31","negative","7"
"post_02398","2026-01-06","YouTube","Image","Synthetic social media update","#technology #community","25960","43614","2350","101","193","10072","74","25","negative","5"
"post_02399","2025-01-27","LinkedIn","Live","Synthetic social media update","#technology #community","23415","56399","2131","287","261","10324","73","24","positive","14"
"post_02400","2025-12-21","Facebook","Text","Synthetic social media update","#business #marketing","18151","43041","762","95","85","14260","26","9","neutral","23"
